tree
version=v4
num_class=1
num_tree_per_iteration=1
label_index=0
max_feature_idx=7
objective=regression
feature_names=age sex bmi children smoker region_northwest region_southeast region_southwest
feature_infos=[0:1] [0:1] [0:1] [0:1] [0:1] [0:1] [0:1] [0:1]
tree_sizes=2709 2838 2846 2852 2856 2864 2854 2864 2865 2867 2880 2892 2894 2889 2898 2905 2889 2896 2906 2912 2924 2905 2910 2911 2928 2923 2928 2934 2930 2931 2934 2937 2951 2944 2935 2934 2943 2946 2937 2945 2935 2932 2943 2948 2932 2930 2940 2930 2956 2931 2956 2939 2946 2939 2932 2939 2950 2954 2930 2943 2942 2942 2941 2934 2942 2960 2938 2934 2941 2936 2946 2931 2960 2943 2951 2928 2941 2954 2954 2956 2951 2944 2939 2937 2962 2938 2938 2939 2943 2943 2946 2955 2948 2951 2948 2964 2956 2947 2940 2946

Tree=0
num_leaves=31
num_cat=0
split_feature=4 2 0 0 0 0 0 0 0 3 3 3 2 2 2 0 7 2 3 2 2 5 6 2 2 7 2 0 3 2
split_gain=23.9435 5.90522 2.53294 0.40554 0.265685 0.265662 0.218991 0.092197 0.0847026 0.0762005 0.066117 0.056073 0.0530295 0.04529 0.0405678 0.0294883 0.0242036 0.0234241 0.0189272 0.0186885 0.029053 0.0157308 0.0407335 0.0141456 0.014059 0.0131226 0.0129129 0.0108342 0.0106248 0.00934185
threshold=1.0000000180025095e-35 0.38115415657788537 0.53260869565217395 0.27173913043478271 0.51086956521739146 0.72826086956521752 0.097826086956521799 0.88043478260869579 0.70652173913043492 1.0000000180025095e-35 0.3000000000000001 0.3000000000000001 0.22619047619047619 0.2652676889965026 0.51822706483723435 0.40217391304347833 1.0000000180025095e-35 0.50645682001614212 0.3000000000000001 0.21885929513048155 0.37146892655367236 1.0000000180025095e-35 1.0000000180025095e-35 0.24562819478073714 0.33212267958030672 1.0000000180025095e-35 0.29412160344363736 0.61956521739130443 1.0000000180025095e-35 0.52044659671778326
decision_type=2 2 2 2 2 2 2 2 2 2 2 2 2 2 2 2 2 2 2 2 2 2 2 2 2 2 2 2 2 2
left_child=2 4 6 14 12 19 10 18 17 -9 24 15 -2 -6 -3 23 21 -5 26 -4 27 22 -13 -8 -1 29 -7 -21 -25 -22
right_child=1 3 5 8 13 7 11 9 -10 -11 -12 16 -14 -15 -16 -17 -18 -19 -20 20 25 -23 -24 28 -26 -27 -28 -29 -30 -31
leaf_value=0.17676880455045588 0.19963781166786973 0.22955298986840159 0.18757250053854332 0.23939308268995629 0.21058587371841253 0.19561759454820954 0.18397970144299683 0.19615970701541285 0.24871555781038152 0.20240529742176938 0.18421054233589135 0.18965346772160382 0.20563700677782379 0.21716093314857826 0.23577583922119483 0.18490135569340985 0.18321514370082551 0.24423292649956094 0.19602426318080099 0.19113278964580641 0.18931161001138061 0.18480933197869248 0.18427269378102368 0.18077150028125025 0.17907098155877121 0.18776934180082425 0.19282009979369177 0.19397350141567909 0.18270977734132843 0.19178964402251711
leaf_weight=42 23 22 20 20 22 21 34 56 32 30 22 34 41 20 20 55 32 20 39 25 32 38 24 62 72 25 77 29 52 29
leaf_count=42 23 22 20 20 22 21 34 56 32 30 22 34 41 20 20 55 32 20 39 25 32 38 24 62 72 25 77 29 52 29
internal_value=0.195124 0.224527 0.187513 0.240325 0.207537 0.193541 0.18257 0.195772 0.244881 0.198338 0.179191 0.183958 0.203481 0.213717 0.232516 0.182924 0.185597 0.241813 0.194161 0.190432 0.19084 0.186391 0.187427 0.18219 0.178223 0.189699 0.19342 0.192658 0.181656 0.19049
internal_weight=0 220 850 114 106 383 467 223 72 86 136 331 64 42 42 203 128 40 137 160 140 96 58 148 114 86 98 54 114 61
internal_count=1070 220 850 114 106 383 467 223 72 86 136 331 64 42 42 203 128 40 137 160 140 96 58 148 114 86 98 54 114 61
is_linear=0
shrinkage=1


Tree=1
num_leaves=31
num_cat=0
split_feature=4 2 0 0 0 0 0 0 0 3 3 3 2 2 2 0 0 2 7 2 2 2 0 2 2 0 2 2 6 1
split_gain=19.3943 4.78323 2.05168 0.329206 0.215382 0.215205 0.177383 0.0825445 0.0663112 0.0617224 0.0535548 0.0454191 0.0429539 0.0366849 0.0344512 0.0238855 0.0220817 0.0211282 0.0196049 0.0174611 0.0165585 0.0140459 0.0148074 0.0138661 0.0202881 0.0176958 0.0118963 0.011458 0.0091106 0.0099165
threshold=1.0000000180025095e-35 0.38115415657788537 0.53260869565217395 0.20652173913043484 0.75000000000000011 0.51086956521739146 0.097826086956521799 0.70652173913043492 0.88043478260869579 1.0000000180025095e-35 0.3000000000000001 0.3000000000000001 0.22619047619047619 0.2652676889965026 0.52347323110034982 0.40217391304347833 0.61956521739130443 0.32035243475921443 1.0000000180025095e-35 0.31248318536454128 0.44013989776701645 0.25477535647027172 0.815217391304348 0.27145547484530536 0.36225450632230288 0.35869565217391308 0.38061608824320686 0.24562819478073714 1.0000000180025095e-35 1.0000000180025095e-35
decision_type=2 2 2 2 2 2 2 2 2 2 2 2 2 2 2 2 2 2 2 2 2 2 2 2 2 2 2 2 2 2
left_child=2 5 6 -3 16 12 10 14 21 -10 26 15 -2 -7 -5 27 19 -18 23 -4 -21 -6 -23 -13 -25 -26 -1 -8 29 -29
right_child=1 3 4 7 8 13 11 -9 9 -11 -12 18 -14 -15 -16 -17 17 -19 -20 20 -22 22 -24 24 25 -27 -28 28 -30 -31
leaf_value=-0.01625039245201541 0.0040627269317274504 0.032771577272150257 -0.0074257116406582866 0.039110902547836307 -0.0031641301978379485 0.013915982774712824 -0.010029572401853169 0.048232698813080788 0.00093243284726278431 0.006553464100385706 -0.0098218150944872351 -0.0058342252746224413 0.0094620026511753486 0.019833535887300968 0.044605061269941786 -0.0092000833526253694 -0.00088540688757934882 -0.0039772437691882063 -0.01071767381799873 -0.0020385671593248843 -0.005972854720185633 0.00088479980334358406 -0.001553308349313274 -0.011095506088300185 -0.009018227869066699 -0.0051517155952751637 -0.014207003814778452 -0.010410094037652015 -0.01341087111850848 -0.012681494964242639
leaf_weight=56 23 36 26 25 20 22 34 32 56 30 22 25 41 20 21 55 31 77 32 20 23 53 47 22 29 20 58 40 37 37
leaf_count=56 23 36 26 25 20 22 34 32 56 30 22 25 41 20 21 55 31 77 32 20 23 53 47 22 29 20 58 40 37 37
internal_value=0 0.0264632 -0.0068493 0.0406816 -0.00142424 0.0111718 -0.0112986 0.0443324 0.000773915 0.00289326 -0.014339 -0.0100493 0.00752164 0.0167339 0.0416191 -0.0109795 -0.00398255 -0.00308977 -0.0085741 -0.00537993 -0.00414295 -0.000744948 -0.000261111 -0.00785958 -0.00857273 -0.00744006 -0.0152108 -0.0116407 -0.0121212 -0.0115015
internal_weight=0 220 850 114 383 106 467 78 206 86 136 331 64 42 46 203 177 108 128 69 43 120 100 96 71 49 114 148 114 77
internal_count=1070 220 850 114 383 106 467 78 206 86 136 331 64 42 46 203 177 108 128 69 43 120 100 96 71 49 114 148 114 77
is_linear=0
shrinkage=0.1


Tree=2
num_leaves=31
num_cat=0
split_feature=4 2 0 0 0 0 3 0 0 0 3 2 7 0 2 2 6 1 0 0 0 3 3 2 2 2 0 2 7 2
split_gain=15.7093 3.87442 1.66186 0.270698 0.177092 0.174316 0.147094 0.0637734 0.0596548 0.0544373 0.0499951 0.0347927 0.0338051 0.0318667 0.0301091 0.0297249 0.0197746 0.0316617 0.0658966 0.02601 0.0190881 0.0153493 0.0152247 0.0151232 0.0146005 0.0220472 0.013628 0.0116755 0.0109959 0.00897392
threshold=1.0000000180025095e-35 0.38115415657788537 0.53260869565217395 0.27173913043478271 0.72826086956521752 0.51086956521739146 1.0000000180025095e-35 0.097826086956521799 0.88043478260869579 0.70652173913043492 1.0000000180025095e-35 0.22619047619047619 1.0000000180025095e-35 0.31521739130434789 0.51822706483723435 0.25087436104385258 1.0000000180025095e-35 1.0000000180025095e-35 0.22826086956521749 0.25000000000000011 0.31521739130434789 0.3000000000000001 0.3000000000000001 0.50645682001614212 0.21885929513048155 0.37146892655367236 0.1630434782608696 0.29412160344363736 1.0000000180025095e-35 0.29674468657519509
decision_type=2 2 2 2 2 2 2 2 2 2 2 2 2 2 2 2 2 2 2 2 2 2 2 2 2 2 2 2 2 2
left_child=2 5 6 14 24 11 7 -1 21 23 -10 -2 16 -14 -3 -7 17 18 -8 -18 26 27 -19 -5 -4 29 -9 -6 -27 -26
right_child=1 3 4 9 8 15 12 20 10 -11 -12 -13 13 -15 -16 -17 19 22 -20 -21 -22 -23 -24 -25 25 28 -28 -29 -30 -31
leaf_value=-0.014096605860272816 0.0036564543696484815 0.027680414373224434 -0.006347795482724905 0.035931380838155745 0.00066605953588372193 0.012400147921982267 -0.0010968577648912158 -0.0099220500389734911 0.00083918952191197604 0.043409429118037225 0.005898117639590055 0.0085158026186613039 -0.012942498970416286 -0.0084438413032330573 0.033041428029537204 0.017720809756290347 -0.011820271493936028 -0.010401271915461328 -0.0079853772299318792 -0.0077609505908759801 -0.0086929155161251902 0.00092162453473951581 -0.0075340575498083363 0.039820236265659337 -0.0034304206513545731 -0.0037298603078777916 -0.012773182399963079 -0.0019940231406649989 -0.006220032721757889 -0.00080679707461968071
leaf_weight=95 23 22 20 20 21 21 21 30 56 32 30 41 31 32 20 21 27 31 41 38 37 39 46 20 22 61 38 77 25 32
leaf_count=95 23 22 20 20 21 21 21 30 56 32 30 41 31 32 20 21 27 31 41 38 37 39 46 20 22 61 38 77 25 32
internal_value=0 0.0238169 -0.00616437 0.0366134 -0.00128182 0.0100546 -0.0101687 -0.0122193 0.000539592 0.0403352 0.00260393 0.00676947 -0.00863268 -0.0106575 0.0302333 0.0150605 -0.00800737 -0.0073341 -0.00565217 -0.00944713 -0.0105208 -0.000756271 -0.00868839 0.0378758 -0.00382041 -0.00345935 -0.0115153 -0.00142401 -0.00445375 -0.00187568
internal_weight=0 220 850 114 383 106 467 200 223 72 86 64 267 63 42 42 204 139 62 65 105 137 77 40 160 140 68 98 86 54
internal_count=1070 220 850 114 383 106 467 200 223 72 86 64 267 63 42 42 204 139 62 65 105 137 77 40 160 140 68 98 86 54
is_linear=0
shrinkage=0.1


Tree=3
num_leaves=31
num_cat=0
split_feature=4 2 0 0 0 0 0 2 0 3 3 3 2 2 0 7 3 0 0 2 2 2 6 0 2 2 2 2 2 6
split_gain=12.7246 3.13987 1.34611 0.217176 0.146818 0.143444 0.119285 0.0606468 0.0483204 0.0404961 0.0342011 0.031631 0.0205566 0.0200476 0.0168464 0.0149675 0.024119 0.0144359 0.0125441 0.013545 0.0123871 0.0122803 0.0110335 0.0109802 0.00997439 0.00925883 0.00898724 0.0155446 0.00816321 0.00735759
threshold=1.0000000180025095e-35 0.37409200968522999 0.53260869565217395 0.53260869565217395 0.51086956521739146 0.72826086956521752 0.097826086956521799 0.52347323110034982 0.88043478260869579 1.0000000180025095e-35 1.0000000180025095e-35 0.3000000000000001 0.25087436104385258 0.22619047619047619 0.40217391304347833 1.0000000180025095e-35 0.3000000000000001 0.33695652173913049 0.61956521739130443 0.31248318536454128 0.44013989776701645 0.37409200968522999 1.0000000180025095e-35 0.72826086956521752 0.33319881624966369 0.24562819478073714 0.30723701910142587 0.46751412429378525 0.45796341135324187 1.0000000180025095e-35
decision_type=2 2 2 2 2 2 2 2 2 2 2 2 2 2 2 2 2 2 2 2 2 2 2 2 2 2 2 2 2 2
left_child=2 4 6 7 13 18 10 -3 15 -10 -1 14 -6 -2 25 16 -7 21 19 -4 -21 -13 26 -5 -12 -8 -20 -28 -19 -27
right_child=1 3 5 23 12 8 11 -9 9 -11 24 17 -14 -15 -16 -17 -18 28 22 20 -22 -23 -24 -25 -26 29 27 -29 -30 -31
leaf_value=-0.012686945263688501 0.0032908089307096345 0.026133561617619285 -0.0062570342364219522 0.035829496513242312 0.011160133388780413 -0.0009896837120108744 -0.0080106584464802455 0.032302075996994972 0.00075527058901830716 0.005308305906898265 -0.010753393501398111 -0.0063896440107513363 0.015639773383736611 0.007013276830697671 -0.0074092675135894251 -0.0022526382712558623 0.0025430015137384611 -0.0066003286127891874 -0.00040385584262284368 -0.0015456233173608781 -0.0049484493271650179 -0.0092281117183821548 -0.0047420250531286 0.038755290826846811 -0.0076329926028847698 -0.00933402268603057 -0.0043159391827367506 -0.0006920606223866344 -0.0041803663782775408 -0.011049851662215046
leaf_weight=95 23 37 26 23 21 68 34 28 56 30 21 27 20 39 55 42 27 46 22 20 23 35 20 29 20 77 29 20 20 37
leaf_count=95 23 37 26 23 21 68 34 28 56 30 21 27 20 39 55 42 27 46 22 20 23 35 20 29 20 77 29 20 20 37
internal_value=0 0.0214352 -0.00554794 0.0326443 0.00870257 -0.00115364 -0.00915183 0.0287908 0.000485633 0.00234354 -0.0116452 -0.00812738 0.0133453 0.00563236 -0.00890363 -0.000680644 1.43426e-05 -0.0068963 -0.00343837 -0.00445521 -0.00336574 -0.007992 -0.00266735 0.0374612 -0.00923125 -0.00945896 -0.00208293 -0.00283681 -0.00586701 -0.00989091
internal_weight=0 220 850 117 103 383 467 65 223 86 136 331 41 62 203 137 95 128 160 69 43 62 91 52 41 148 71 49 66 114
internal_count=1070 220 850 117 103 383 467 65 223 86 136 331 41 62 203 137 95 128 160 69 43 62 91 52 41 148 71 49 66 114
is_linear=0
shrinkage=0.1


Tree=4
num_leaves=31
num_cat=0
split_feature=4 2 0 0 0 0 3 0 0 0 3 7 0 2 2 2 6 1 0 0 0 7 3 2 2 3 0 0 7 2
split_gain=10.3069 2.55414 1.09035 0.19252 0.11619 0.113636 0.0994984 0.0412167 0.0404482 0.0391395 0.0328018 0.0275431 0.0239623 0.0229132 0.0217204 0.0191435 0.0146994 0.0252108 0.054621 0.019335 0.0141124 0.0121236 0.0195364 0.0111919 0.0177203 0.0110876 0.0110618 0.0109505 0.00965679 0.00806197
threshold=1.0000000180025095e-35 0.38115415657788537 0.53260869565217395 0.20652173913043484 0.72826086956521752 0.51086956521739146 1.0000000180025095e-35 0.70652173913043492 0.097826086956521799 0.88043478260869579 1.0000000180025095e-35 1.0000000180025095e-35 0.31521739130434789 0.32425343018563357 0.52347323110034982 0.2652676889965026 1.0000000180025095e-35 1.0000000180025095e-35 0.22826086956521749 0.25000000000000011 0.31521739130434789 1.0000000180025095e-35 0.3000000000000001 0.21885929513048155 0.37146892655367236 0.3000000000000001 0.22826086956521749 0.1630434782608696 1.0000000180025095e-35 0.52044659671778326
decision_type=2 2 2 2 2 2 2 2 2 2 2 2 2 2 2 2 2 2 2 2 2 2 2 2 2 2 2 2 2 2
left_child=2 5 6 -3 23 13 8 14 -1 21 -11 16 -13 26 -5 -7 17 18 -8 -18 27 22 -6 -4 -25 -19 -2 -10 29 -26
right_child=1 3 4 7 9 15 11 -9 20 10 -12 12 -14 -15 -16 -17 19 25 -20 -21 -22 -23 -24 24 28 -27 -28 -29 -30 -31
leaf_value=-0.011418250644285428 0.0024229316978016872 0.02363262482815319 -0.0053073237836360936 0.028564593911170961 -0.00089071527575416596 0.010123809782618827 -0.00018028833326839267 0.035229528415948154 -0.0079974158620461835 0.00067974356892851326 0.0047774754359852529 -0.01078247031377208 -0.0068814471655059611 0.008172778749749773 0.032927066371554424 0.014398547299206258 -0.0096963337105181492 -0.0084986581196708055 -0.0064518253250819878 -0.0061964356364976421 -0.0069987981706052214 -0.0020273744372562284 0.0022887013020442318 -0.0013586252030951007 -0.0040859418222680688 -0.0060518195690668145 0.0056385815953430927 -0.010553166721212238 -0.0053251557052135471 -0.0017839085118010129
leaf_weight=95 20 36 20 25 68 22 21 32 30 56 30 31 32 21 21 20 27 31 41 38 37 42 27 54 32 46 23 38 25 29
leaf_count=95 20 36 20 25 68 22 21 32 30 56 30 31 32 21 21 20 27 31 41 38 37 42 27 54 32 46 23 38 25 29
internal_value=0 0.0192917 -0.00499314 0.0296816 -0.00103827 0.00811763 -0.00823665 0.0324734 -0.00992316 0.000437069 0.00210918 -0.00697334 -0.008801 0.00546522 0.0305562 0.0121594 -0.00640891 -0.00582844 -0.0043276 -0.00765024 -0.00857046 -0.00061258 1.29084e-05 -0.00309453 -0.00277842 -0.00703691 0.00414293 -0.00942563 -0.00366991 -0.00299153
internal_weight=0 220 850 114 383 106 467 78 200 223 86 267 63 64 46 42 204 139 62 65 105 137 95 160 140 77 43 68 86 61
internal_count=1070 220 850 114 383 106 467 78 200 223 86 267 63 64 46 42 204 139 62 65 105 137 95 160 140 77 43 68 86 61
is_linear=0
shrinkage=0.1


Tree=5
num_leaves=31
num_cat=0
split_feature=4 2 0 0 0 0 3 2 0 0 3 7 0 2 2 2 0 2 6 1 0 2 0 0 0 2 2 2 5 1
split_gain=8.34859 2.06899 0.883183 0.145822 0.0973377 0.094765 0.0805937 0.0434827 0.032763 0.0278975 0.0265695 0.0223099 0.0198156 0.0170859 0.0140805 0.0130543 0.0128932 0.0151129 0.0119065 0.0204208 0.044243 0.0159752 0.0155008 0.0114339 0.0112295 0.0110743 0.00988842 0.00953537 0.0090942 0.0285103
threshold=1.0000000180025095e-35 0.37409200968522999 0.53260869565217395 0.53260869565217395 0.44565217391304357 0.75000000000000011 1.0000000180025095e-35 0.52347323110034982 0.097826086956521799 0.88043478260869579 1.0000000180025095e-35 1.0000000180025095e-35 0.22826086956521749 0.27145547484530536 0.22619047619047619 0.25477535647027172 0.61956521739130443 0.32035243475921443 1.0000000180025095e-35 1.0000000180025095e-35 0.22826086956521749 0.48681732580037662 0.2934782608695653 0.40217391304347833 0.815217391304348 0.31248318536454128 0.44013989776701645 0.49650255582458974 1.0000000180025095e-35 1.0000000180025095e-35
decision_type=2 2 2 2 2 2 2 2 2 2 2 2 2 2 2 2 2 2 2 2 2 2 2 2 2 2 2 2 2 2
left_child=2 4 6 7 14 16 8 -3 -1 15 -11 18 -13 -6 -2 -7 25 -18 19 20 -8 22 -20 28 -17 -4 -27 -5 29 -10
right_child=1 3 5 27 13 9 11 -9 23 10 -12 12 -14 -15 -16 24 17 -19 21 -21 -22 -23 -24 -25 -26 26 -28 -29 -30 -31
leaf_value=-0.01027642559064062 0.002038266943927738 0.021053894528666059 -0.0053284080484165596 0.029001315057277679 0.008722877003518599 -0.0027937701763585212 -0.00016225952477682206 0.026277077783431326 -0.0069331882920648374 0.00061176918807177578 0.0042997280147392307 -0.010259731567424277 -0.0065760694444179542 0.012549761533737184 0.005364416300186089 0.0010028163006283203 -8.4866409099871123e-05 -0.0026997946232992722 -0.010093154115602375 -0.0063332194075375412 -0.0058066427253368434 -0.0049021975696086888 -0.0061560494452714927 -0.0056263621896505359 -0.0011203946813227647 -0.0010878523252904415 -0.0041281678794842704 0.031711621913645009 -0.0064329766091846298 -0.011214314161666803
leaf_weight=95 20 37 26 25 28 20 21 28 35 56 30 23 40 20 35 53 31 77 20 77 41 25 20 21 47 20 23 27 21 28
leaf_count=95 20 37 26 25 28 20 21 28 35 56 30 23 40 20 35 53 31 77 20 77 41 25 20 21 47 20 23 27 21 28
internal_value=0 0.0173625 -0.00449383 0.0264615 0.00702675 -0.000934445 -0.00741298 0.0233039 -0.00893084 0.000523622 0.00189827 -0.006276 -0.0079209 0.0103174 0.00415491 -0.000461539 -0.0026314 -0.00194921 -0.00576802 -0.00524559 -0.00389484 -0.00688522 -0.0081246 -0.00771341 4.90714e-06 -0.00369918 -0.00271407 0.0304086 -0.00823518 -0.00883591
internal_weight=0 220 850 117 103 383 467 65 200 206 86 267 63 48 55 120 177 108 204 139 62 65 40 105 100 69 43 52 84 63
internal_count=1070 220 850 117 103 383 467 65 200 206 86 267 63 48 55 120 177 108 204 139 62 65 40 105 100 69 43 52 84 63
is_linear=0
shrinkage=0.1


Tree=6
num_leaves=31
num_cat=0
split_feature=4 2 0 0 0 0 0 0 0 3 0 3 2 2 2 2 6 2 0 2 2 7 3 2 2 3 0 2 2 0
split_gain=6.76236 1.68292 0.715378 0.138243 0.0774108 0.0763052 0.0665562 0.0253317 0.0222766 0.0215213 0.0202389 0.0177171 0.0163966 0.015741 0.0139993 0.0132366 0.0132239 0.0148392 0.0134382 0.0122603 0.0103554 0.00946516 0.0161363 0.00918328 0.0117775 0.00885672 0.00903569 0.00831659 0.0176 0.00721271
threshold=1.0000000180025095e-35 0.38115415657788537 0.53260869565217395 0.27173913043478271 0.72826086956521752 0.51086956521739146 0.097826086956521799 0.88043478260869579 0.72826086956521752 1.0000000180025095e-35 0.31521739130434789 0.3000000000000001 0.24562819478073714 0.22619047619047619 0.52347323110034982 0.51822706483723435 1.0000000180025095e-35 0.31248318536454128 0.25000000000000011 0.25087436104385258 0.38061608824320686 1.0000000180025095e-35 0.3000000000000001 0.56214689265536733 0.21885929513048155 0.3000000000000001 0.38043478260869568 0.49488835082055421 0.37146892655367236 0.44565217391304357
decision_type=2 2 2 2 2 2 2 2 2 2 2 2 2 2 2 2 2 2 2 2 2 2 2 2 2 2 2 2 2 2
left_child=2 5 6 15 23 13 11 21 14 -9 12 20 -8 -2 -5 -3 17 -14 -19 -7 -1 22 -6 24 -4 -12 -27 28 -26 -28
right_child=1 3 4 8 7 19 10 9 -10 -11 25 -13 16 -15 -16 -17 -18 18 -20 -21 -22 -23 -24 -25 27 26 29 -29 -30 -31
leaf_value=-0.010005473086078253 0.0022886067154341497 0.017807947234673934 -0.0044797099567949776 0.023688222902516525 -0.0007497759344165817 0.0081594512576148633 -0.0047695709232773104 0.00055059225575990114 0.028924679436853958 0.0038697552110534164 -0.0057819567742231105 -0.005935940129513091 -0.0088950593024492274 0.0055571250526643386 0.027270492166280746 0.021362516954541208 -0.0087773313255686512 -0.0049167972640134401 -0.0078565761932860249 0.011576532013714315 -0.0080990085827893233 -0.0017313003595474932 0.0021397563999656726 -0.0045238100457936524 -0.001006466322750957 -0.002556949978073438 -0.0061967756169346664 2.9127718880772595e-06 -0.0036682967342051634 -0.0038632174263949753
leaf_weight=56 23 22 20 24 68 21 35 56 28 30 92 22 21 41 20 20 38 48 23 21 58 42 27 20 54 21 26 20 46 27
leaf_count=56 23 22 20 24 68 21 35 56 28 30 92 22 21 41 20 20 38 48 23 21 58 42 27 20 54 21 26 20 46 27
internal_value=0 0.0156263 -0.00404445 0.02406 -0.000841 0.006556 -0.00667168 0.000363228 0.0267197 0.00170844 -0.00590645 -0.00853412 -0.00669077 0.0043825 0.0253165 0.0195006 -0.00720802 -0.00655982 -0.00586912 0.00986799 -0.00903552 -0.000481211 7.14596e-05 -0.00251939 -0.00223305 -0.00512686 -0.00431242 -0.0018586 -0.00223091 -0.00500798
internal_weight=0 220 850 114 383 106 467 223 72 86 331 136 165 64 44 42 130 92 71 42 114 137 95 160 140 166 74 120 100 53
internal_count=1070 220 850 114 383 106 467 223 72 86 331 136 165 64 44 42 130 92 71 42 114 137 95 160 140 166 74 120 100 53
is_linear=0
shrinkage=0.1


Tree=7
num_leaves=31
num_cat=0
split_feature=4 2 0 0 0 0 3 2 0 0 7 2 0 0 0 2 0 6 5 3 2 0 0 2 2 1 0 6 2 2
split_gain=5.47751 1.3667 0.579456 0.103824 0.0695364 0.0627027 0.0572619 0.0306911 0.0226739 0.0205187 0.0185806 0.0176502 0.014663 0.0141597 0.0131938 0.0116776 0.0112519 0.00843008 0.0174046 0.0152447 0.0131085 0.011021 0.010904 0.00906202 0.0166667 0.00811623 0.00800642 0.00916577 0.00899278 0.00782664
threshold=1.0000000180025095e-35 0.37563895614743076 0.53260869565217395 0.55434782608695665 0.51086956521739146 0.72826086956521752 1.0000000180025095e-35 0.52347323110034982 0.31521739130434789 0.88043478260869579 1.0000000180025095e-35 0.46690879741727193 0.22826086956521749 0.11956521739130439 0.92391304347826098 0.25638956147430725 0.66304347826086973 1.0000000180025095e-35 1.0000000180025095e-35 0.3000000000000001 0.48681732580037662 0.2934782608695653 0.2934782608695653 0.25477535647027172 0.39238633306429921 1.0000000180025095e-35 0.61956521739130443 1.0000000180025095e-35 0.31248318536454128 0.44013989776701645
decision_type=2 2 2 2 2 2 2 2 2 2 2 2 2 2 2 2 2 2 2 2 2 2 2 2 2 2 2 2 2 2
left_child=2 4 6 7 13 26 8 -3 25 -7 17 14 -12 -2 -11 -15 -6 18 23 -20 22 -21 -19 -8 -25 -1 28 -28 -4 -30
right_child=1 3 5 -5 16 9 10 -9 -10 11 12 -13 -14 15 -16 -17 -18 20 19 21 -22 -23 -24 24 -26 -27 27 -29 29 -31
leaf_value=-0.0071235322545087623 0.0014996858326152766 0.017181135303316972 -0.0045479756421767754 0.025087495955328151 0.0072444220206567232 -0.0004330902217622221 -0.0013639572845852894 0.021476787174570151 -0.0050491297969946988 -0.0013947869225850573 -0.0085591764715702637 0.0033531369502077615 -0.0053904325840994716 0.0030458613509489669 0.0017886604527787616 0.0064221868105232716 0.010517963039733116 -0.0082963556796312333 -0.0069370523964365329 -0.0023612800098600844 -0.0037263083457946783 -0.0055640380829572681 -0.004994239965453744 -0.005658986330356287 -0.0017118634283542636 -0.0085369690285100573 -0.0011188200228965618 -0.0035424199141561989 -0.00074532907456159592 -0.0034501783873723902
leaf_weight=86 21 39 26 48 21 137 23 29 37 23 23 33 40 21 30 20 21 20 30 21 25 22 20 23 20 77 71 20 20 23
leaf_count=86 21 39 26 48 21 137 23 29 37 23 23 33 40 21 30 20 21 20 30 21 25 22 20 23 20 77 71 20 20 23
internal_value=0 0.0140636 -0.00364 0.0215266 0.00573952 -0.0007569 -0.00600451 0.0190131 -0.00728394 0.000326905 -0.00504614 0.0015376 -0.00654728 0.00361129 0.000407164 0.00469285 0.00888119 -0.00458256 -0.00414297 -0.00520695 -0.00552261 -0.0039999 -0.0066453 -0.00296614 -0.00382312 -0.00779123 -0.00226745 -0.00165148 -0.00307983 -0.00219211
internal_weight=0 220 850 116 104 383 467 68 200 223 267 86 63 62 53 41 42 204 139 73 65 43 40 66 43 163 160 91 69 43
internal_count=1070 220 850 116 104 383 467 68 200 223 267 86 63 62 53 41 42 204 139 73 65 43 40 66 43 163 160 91 69 43
is_linear=0
shrinkage=0.1


Tree=8
num_leaves=31
num_cat=0
split_feature=4 2 0 0 0 0 3 2 0 0 2 2 6 2 0 3 2 7 0 2 2 2 2 0 0 0 2 6 3 2
split_gain=4.43678 1.10703 0.469359 0.090848 0.0571652 0.0510604 0.0463822 0.0228081 0.0255313 0.018762 0.0179201 0.0187638 0.0229458 0.0259902 0.0175114 0.0157468 0.0123036 0.0113875 0.0138804 0.00924258 0.0229911 0.0139129 0.0185136 0.00872838 0.0073123 0.00717822 0.00715674 0.00686359 0.00651803 0.0100382
threshold=1.0000000180025095e-35 0.37563895614743076 0.53260869565217395 0.20652173913043484 0.44565217391304357 0.75000000000000011 1.0000000180025095e-35 0.545735808447673 0.57608695652173936 0.097826086956521799 0.41209308582189941 0.59779391982781815 1.0000000180025095e-35 0.50645682001614212 0.90217391304347838 0.70000000000000018 0.27145547484530536 1.0000000180025095e-35 0.33695652173913049 0.56214689265536733 0.50282485875706229 0.37146892655367236 0.21885929513048155 0.11956521739130439 0.61956521739130443 0.40217391304347833 0.2210788270110304 1.0000000180025095e-35 0.50000000000000011 0.24825127791229482
decision_type=2 2 2 2 2 2 2 2 2 2 2 2 2 2 2 2 2 2 2 2 2 2 2 2 2 2 2 2 2 2
left_child=2 4 6 -3 23 19 9 8 -5 -1 14 12 13 -12 -7 17 -6 28 -19 20 21 22 -4 -2 -24 26 -11 -28 29 -8
right_child=1 3 5 7 16 10 15 -9 -10 25 11 -13 -14 -15 -16 -17 -18 18 -20 -21 -22 -23 24 -25 -26 -27 27 -29 -30 -31
leaf_value=-0.0075738030515219035 0.0013497172053792469 0.015284752020159284 -0.0037561122594135148 0.017355940047474133 0.0062771624182849858 -0.0014555471179925877 -0.0026835782503759542 0.02358236573636532 0.021902166555325189 -0.0043965056538581848 -0.00068546353312044902 -0.00076632903874269693 0.0048441894316717735 0.0037889599606084328 0.0015095790665197587 -0.001913088205314818 0.0094791898481725242 -0.0074339437628946001 -0.0043008646283012172 -0.003751368021282057 0.0015205044951289892 -0.0032970083585384773 -0.0015289216041564943 0.0039426966019056962 0.00078675345828135813 -0.0039806174735228222 -0.005865480920130557 -0.0080996920168399811 -0.005669096394470244 -0.004569462536513305
leaf_weight=95 21 37 21 21 28 69 37 28 30 20 34 32 22 21 28 21 21 31 26 24 20 57 25 34 30 21 44 20 33 119
leaf_count=95 21 37 21 21 28 69 37 28 30 20 34 32 22 21 28 21 21 31 26 24 20 57 25 34 30 21 44 20 33 119
internal_value=0 0.0126573 -0.003276 0.019374 0.00516557 -0.00068121 -0.00540406 0.0212892 0.0200302 -0.00655555 0.000389066 0.00126892 0.00211473 0.00102295 -0.000599634 -0.00454153 0.00764946 -0.00476591 -0.00600482 -0.00192684 -0.00164064 -0.002116 -0.00123025 0.00295265 -0.000265826 -0.00563427 -0.00604768 -0.00656367 -0.00439227 -0.00412217
internal_weight=0 220 850 116 104 383 467 79 51 200 206 109 77 55 97 267 49 246 57 177 153 133 76 55 55 105 84 64 189 156
internal_count=1070 220 850 116 104 383 467 79 51 200 206 109 77 55 97 267 49 246 57 177 153 133 76 55 55 105 84 64 189 156
is_linear=0
shrinkage=0.1


Tree=9
num_leaves=31
num_cat=0
split_feature=4 2 0 0 0 0 0 2 0 2 2 2 3 2 3 3 0 1 2 0 0 2 0 2 0 6 2 2 2 2
split_gain=3.59379 0.897642 0.380181 0.0824727 0.0430032 0.0424127 0.0382655 0.0195683 0.0156851 0.015389 0.0321792 0.027145 0.0175981 0.015187 0.0216117 0.0126851 0.0125219 0.0108817 0.00943332 0.00832602 0.0079234 0.00742291 0.00600071 0.00585561 0.00562193 0.00717533 0.00715854 0.00646226 0.00505116 0.0110712
threshold=1.0000000180025095e-35 0.38115415657788537 0.53260869565217395 0.20652173913043484 0.57608695652173936 0.72826086956521752 0.097826086956521799 0.22619047619047619 0.72826086956521752 0.23305084745762714 0.29412160344363736 0.41209308582189941 0.3000000000000001 0.32035243475921443 1.0000000180025095e-35 0.3000000000000001 0.8369565217391306 1.0000000180025095e-35 0.55259617971482389 0.33695652173913049 0.20652173913043484 0.40577078288942697 0.40217391304347833 0.44565509819747112 0.61956521739130443 1.0000000180025095e-35 0.31248318536454128 0.44013989776701645 0.46751412429378525 0.30723701910142587
decision_type=2 2 2 2 2 2 2 2 2 2 2 2 2 2 2 2 2 2 2 2 2 2 2 2 2 2 2 2 2 2
left_child=2 4 6 -3 7 24 13 -2 17 -7 -11 -12 16 -1 21 22 -13 -5 -18 20 -17 -15 -8 -21 26 28 -4 -28 29 -26
right_child=1 3 5 8 -6 9 15 -9 -10 10 11 12 -14 14 -16 19 18 -19 -20 23 -22 -23 -24 -25 25 -27 27 -29 -30 -31
leaf_value=-0.0077066619802887253 0.0013186216552707334 0.013591863670282894 -0.0038460586506586809 0.02005070256335395 0.0079001599622349587 -0.0021713708162955617 -0.005106440810738383 0.0046837740097544159 0.021273238637617656 0.0037707928412904347 -0.0018519121233391792 -0.0016120345428072174 0.0026623720964907035 -0.0048246319964528085 -0.0028608962407578598 -0.0028638768293287441 -0.00035755458380595817 0.017061709612607955 0.002285860037362134 -0.0033655773972471555 -0.0052040905715563359 -0.0071400140557024219 -0.0038831287182190203 -0.00134329323080324 0.00029543062502687629 -0.003012340222485364 -0.00042949937283992773 -0.00288730552824943 0.00047892242320813239 -0.0026794678981191125
leaf_weight=48 27 36 26 21 31 23 148 48 28 27 52 29 38 20 23 23 27 29 27 45 39 45 55 21 22 20 20 23 20 29
leaf_count=48 27 36 26 21 31 23 148 48 28 27 52 29 38 20 23 23 27 29 27 45 39 45 55 21 22 20 20 23 20 29
internal_value=0 0.0113916 -0.0029484 0.017551 0.00476725 -0.000613089 -0.00486366 0.00347232 0.0193783 0.000278277 0.000559987 5.88784e-05 0.000880045 -0.00627584 -0.00549539 -0.00428343 6.40391e-05 0.0183171 0.000964153 -0.00350382 -0.00433595 -0.00642759 -0.004775 -0.00272212 -0.00185543 -0.00133927 -0.00253617 -0.00174414 -0.000867981 -0.00139618
internal_weight=0 220 850 114 106 383 467 75 78 223 200 173 121 136 88 331 83 50 54 128 62 65 203 66 160 91 69 43 71 51
internal_count=1070 220 850 114 106 383 467 75 78 223 200 173 121 136 88 331 83 50 54 128 62 65 203 66 160 91 69 43 71 51
is_linear=0
shrinkage=0.1


Tree=10
num_leaves=31
num_cat=0
split_feature=4 2 0 0 0 0 3 2 0 3 0 7 0 2 7 3 0 2 0 0 2 2 2 2 6 0 0 1 5 0
split_gain=2.91097 0.729318 0.307947 0.0565758 0.0384306 0.0350138 0.0311045 0.0193857 0.0160466 0.0143405 0.0132926 0.0124998 0.0124566 0.0118464 0.010026 0.0152289 0.0168551 0.00963201 0.00955287 0.00887566 0.00867616 0.00817101 0.0204358 0.0146388 0.0115953 0.0130441 0.00717029 0.00632181 0.00710549 0.00562511
threshold=1.0000000180025095e-35 0.37409200968522999 0.53260869565217395 0.20652173913043484 0.44565217391304357 0.77173913043478271 1.0000000180025095e-35 0.545735808447673 0.57608695652173936 1.0000000180025095e-35 0.31521739130434789 1.0000000180025095e-35 0.88043478260869579 0.43166532149582992 1.0000000180025095e-35 0.3000000000000001 0.66304347826086973 0.37839655636265807 0.22826086956521749 0.66304347826086973 0.30589184826472965 0.16727199354317993 0.24825127791229482 0.36750067258541835 1.0000000180025095e-35 0.25000000000000011 0.11956521739130439 1.0000000180025095e-35 1.0000000180025095e-35 0.1630434782608696
decision_type=2 2 2 2 2 2 2 2 2 2 2 2 2 2 2 2 2 2 2 2 2 2 2 2 2 2 2 2 2 2
left_child=2 4 6 -3 26 14 10 8 -5 -7 27 21 13 -11 15 20 -17 -16 -13 -6 -4 -8 -23 -24 25 -25 -2 29 -29 -1
right_child=1 3 5 7 19 9 11 -9 -10 12 -12 18 -14 -15 17 16 -18 -19 -20 -21 -22 22 23 24 -26 -27 -28 28 -30 -31
leaf_value=-0.0046596916535725959 0.00085853987267390554 0.012421166574632801 -0.0035828850570727485 0.013873484234015146 0.005034300104411419 -0.00027342246941900941 -0.0051110366528684444 0.019271471617477283 0.017453647621216314 0.0022167742019519212 -0.0036091233427460131 -0.0065261014291773667 0.0030918409321263121 -0.0011109567996438431 -0.001106288481073884 -0.0011178530513175897 0.0024144434475932611 -0.0036631544336320505 -0.0039684382267296319 0.0077925077453255658 -0.0012560326132481383 -0.0005317892154885663 -0.0047872123194106844 -9.9776879600856627e-06 -0.0040543305346878566 -0.0030934552305980642 0.0032087170423063284 -0.00693584906035348 -0.0047451138496398928 -0.0065422496093170985
leaf_weight=65 21 37 22 21 28 112 22 28 31 20 37 23 30 23 26 35 22 34 40 20 59 27 57 23 41 34 34 57 20 21
leaf_count=65 21 37 22 21 28 112 22 28 31 20 37 23 30 23 26 35 22 34 40 20 59 27 57 23 41 34 34 57 20 21
internal_value=0 0.0102524 -0.00265356 0.0156546 0.00411589 -0.00055178 -0.00437729 0.0171501 0.0160078 0.00043738 -0.00532025 -0.00367095 0.00152793 0.000436825 -0.001476 -0.00100679 0.000245489 -0.00255518 -0.00490219 0.00618355 -0.00188802 -0.00329072 -0.00307068 -0.00351294 -0.00277178 -0.00184924 0.00231138 -0.00570867 -0.00636683 -0.00511939
internal_weight=0 220 850 117 103 383 467 80 52 185 200 267 73 43 198 138 57 60 63 48 81 204 182 155 98 57 55 163 77 86
internal_count=1070 220 850 117 103 383 467 80 52 185 200 267 73 43 198 138 57 60 63 48 81 204 182 155 98 57 55 163 77 86
is_linear=0
shrinkage=0.1


Tree=11
num_leaves=31
num_cat=0
split_feature=4 2 0 0 0 0 0 1 2 3 2 7 0 2 2 7 2 0 2 2 1 5 3 2 1 1 3 2 0 3
split_gain=2.35789 0.592203 0.251018 0.0485987 0.0422081 0.0324578 0.0182421 0.0172445 0.019183 0.0150306 0.0142522 0.0131257 0.0114353 0.0107834 0.0178548 0.0123916 0.0122542 0.011591 0.00928555 0.00863662 0.0085412 0.0119492 0.00983812 0.00762259 0.0256833 0.00761854 0.0069744 0.00615228 0.00552702 0.00636067
threshold=1.0000000180025095e-35 0.37563895614743076 0.61956521739130443 0.27173913043478271 0.31521739130434789 0.44565217391304357 0.88043478260869579 1.0000000180025095e-35 0.45534032822168408 1.0000000180025095e-35 0.5575733118106001 1.0000000180025095e-35 0.72826086956521752 0.21885929513048155 0.30064568200161429 1.0000000180025095e-35 0.53658864675813833 0.68478260869565233 0.44013989776701645 0.27145547484530536 1.0000000180025095e-35 1.0000000180025095e-35 0.3000000000000001 0.47578692493946728 1.0000000180025095e-35 1.0000000180025095e-35 0.50000000000000011 0.22619047619047619 0.44565217391304357 0.3000000000000001
decision_type=2 2 2 2 2 2 2 2 2 2 2 2 2 2 2 2 2 2 2 2 2 2 2 2 2 2 2 2 2 2
left_child=2 5 4 -3 9 27 13 8 -8 -1 12 23 -5 -4 -15 16 17 -16 25 -7 28 22 -22 24 -11 -19 -24 -2 29 -6
right_child=1 3 6 10 20 19 7 -9 -10 11 -12 -13 -14 14 15 -17 -18 18 -20 -21 21 -23 26 -25 -26 -27 -28 -29 -30 -31
leaf_value=-0.0051378012092018425 0.00068111653905361896 0.011472835062548172 -0.0026642581326482093 0.013650376035366209 -0.0051360151144089526 0.0044696158595667968 0.00064921293761236246 -0.00045643111777444111 0.004735325743677095 -0.00077687126357813138 0.017909410276583264 -0.0055314960018281014 0.016698520481586456 0.0018732882508387168 -0.0027480456667641801 -0.0021165176095174895 0.0013169058909018837 0.002061691022078906 -0.0017508638789877297 0.0071523730864837057 -0.002593767270445824 -0.0036325919149177415 0.00080220632902953937 -0.0047232668399810798 -0.0043333894842200807 -0.00063195923520695599 -0.0017511339765042067 0.0028797376247322454 -0.0027142885222059231 -0.0028729832852664203
leaf_weight=163 20 43 23 32 27 28 27 39 20 37 21 31 20 30 24 49 36 21 24 21 38 35 23 25 45 21 20 35 69 23
leaf_count=163 20 43 23 32 27 28 27 39 20 37 21 31 20 30 24 49 36 21 24 21 38 35 23 25 45 21 20 35 69 23
internal_value=0 0.00922716 -0.0023882 0.0141398 -0.00370351 0.00374771 -0.000142978 0.00109808 0.00238798 -0.0044876 0.0157107 -0.0037196 0.0148227 -0.000611094 -0.000380739 -0.000767144 -0.000242388 -0.000866105 -0.000181763 0.00561937 -0.0026992 -0.00208858 -0.00142142 -0.00319466 -0.00272862 0.000714866 -0.000385394 0.00208024 -0.00329443 -0.00409502
internal_weight=0 220 850 116 536 104 314 86 47 301 73 138 52 228 205 175 126 90 66 49 235 116 81 107 82 42 43 55 119 50
internal_count=1070 220 850 116 536 104 314 86 47 301 73 138 52 228 205 175 126 90 66 49 235 116 81 107 82 42 43 55 119 50
is_linear=0
shrinkage=0.1


Tree=12
num_leaves=31
num_cat=0
split_feature=4 2 0 0 0 2 0 0 1 2 3 2 2 7 1 2 2 7 2 2 1 5 3 0 0 2 0 3 0 1
split_gain=1.90989 0.481026 0.203324 0.0457325 0.0341885 0.0263488 0.0188723 0.0147761 0.013968 0.0155382 0.0121748 0.0111484 0.0141451 0.0143598 0.0087827 0.00873456 0.0147236 0.00933809 0.0109293 0.00848414 0.00691837 0.00967887 0.00796888 0.00648079 0.011406 0.00582931 0.00568006 0.00564926 0.00541491 0.00512067
threshold=1.0000000180025095e-35 0.3832391713747646 0.61956521739130443 0.27173913043478271 0.31521739130434789 0.17507398439601832 0.46739130434782616 0.88043478260869579 1.0000000180025095e-35 0.45534032822168408 1.0000000180025095e-35 0.20621468926553674 0.55535377993005131 1.0000000180025095e-35 1.0000000180025095e-35 0.21885929513048155 0.30723701910142587 1.0000000180025095e-35 0.41209308582189941 0.5575733118106001 1.0000000180025095e-35 1.0000000180025095e-35 0.3000000000000001 0.75000000000000011 0.815217391304348 0.51822706483723435 0.72826086956521752 0.50000000000000011 0.1630434782608696 1.0000000180025095e-35
decision_type=2 2 2 2 2 2 2 2 2 2 2 2 2 2 2 2 2 2 2 2 2 2 2 2 2 2 2 2 2 2
left_child=2 5 4 25 10 -2 -7 15 9 -9 29 -12 13 14 -13 -4 -17 18 -18 26 -6 22 -22 -20 -25 -3 -5 -24 -16 -1
right_child=1 3 7 19 20 6 -8 8 -10 -11 11 12 -14 -15 28 16 17 -19 23 -21 21 -23 27 24 -26 -27 -28 -29 -30 -31
leaf_value=-0.0040936673753136808 0.00045444617121988403 0.0090733785537027191 -0.002397832290633865 0.012853034796814126 -0.0029649852231113604 0.0029512733510589743 0.0059212499315617608 0.00058429163483971803 -0.0004107879456849053 0.0042617932800203566 -0.0054691751443204433 -0.00061450990683892194 -0.0052517197687517517 -0.0048185546509921552 -0.0016106760688126089 0.0015250892484826703 -0.001725217579708745 -0.0019087853792977211 -0.00060291675588068291 0.016118469266664416 -0.0023343904728167935 -0.0032693327271512578 0.00072198570098565978 0.0028014675121415746 -0.00032054155459627508 0.011458858288824559 0.015028668791055681 -0.0015760205220431091 -0.0039098035189367476 -0.0052163641609541782
leaf_weight=86 22 21 23 30 119 46 40 27 39 20 21 34 22 20 20 35 36 48 39 21 38 35 23 22 25 20 20 20 21 77
leaf_count=86 22 21 23 30 119 46 40 27 39 20 21 34 22 20 20 35 36 48 39 21 38 35 23 22 25 20 20 20 21 77
internal_value=0 0.00830444 -0.00214938 0.0128962 -0.00333316 0.00354265 0.00433266 -0.00012868 0.000988268 0.00214919 -0.00403884 -0.00334764 -0.00296685 -0.00243772 -0.00180284 -0.000549985 -0.000342665 -0.000727203 -0.000262318 0.0144317 -0.00242928 -0.00187973 -0.00127928 0.000350058 0.00114082 0.010237 0.0137233 -0.000346854 -0.00278828 -0.00462402
internal_weight=0 220 850 112 536 108 86 314 86 47 301 138 117 95 75 228 205 170 122 71 235 116 81 86 47 41 50 43 41 163
internal_count=1070 220 850 112 536 108 86 314 86 47 301 138 117 95 75 228 205 170 122 71 235 116 81 86 47 41 50 43 41 163
is_linear=0
shrinkage=0.1


Tree=13
num_leaves=31
num_cat=0
split_feature=4 2 0 0 0 0 0 1 2 3 2 2 2 3 2 2 2 0 6 0 5 7 2 2 7 0 0 2 0 1
split_gain=1.54701 0.391419 0.165296 0.0323416 0.0222921 0.0217067 0.019293 0.0190253 0.0110733 0.0109879 0.0109843 0.0123882 0.0109007 0.0129933 0.00957344 0.0168774 0.0107159 0.00862628 0.00845757 0.0139232 0.00931011 0.0279167 0.00779821 0.0170126 0.00767573 0.00955089 0.0061491 0.00589683 0.00588036 0.0124401
threshold=1.0000000180025095e-35 0.37563895614743076 0.53260869565217395 0.55434782608695665 0.66304347826086973 0.097826086956521799 0.77173913043478271 1.0000000180025095e-35 0.17507398439601832 1.0000000180025095e-35 0.32035243475921443 0.40577078288942697 0.46690879741727193 0.3000000000000001 0.24428302394404086 0.16727199354317993 0.36750067258541835 0.032608695652173954 1.0000000180025095e-35 0.25000000000000011 1.0000000180025095e-35 1.0000000180025095e-35 0.56214689265536733 0.52044659671778326 1.0000000180025095e-35 0.27173913043478271 0.35869565217391308 0.48681732580037662 0.66304347826086973 1.0000000180025095e-35
decision_type=2 2 2 2 2 2 2 2 2 2 2 2 2 2 2 2 2 2 2 2 2 2 2 2 2 2 2 2 2 2
left_child=2 4 5 7 8 10 22 -3 -2 -8 -1 -12 13 -11 15 -7 24 -13 20 -20 21 -18 23 28 25 -16 -10 -23 -4 -30
right_child=1 3 6 -5 -6 14 9 -9 26 12 11 17 -14 -15 16 -17 18 -19 19 -21 -22 27 -24 -25 -26 -27 -28 -29 29 -31
leaf_value=-0.0054777887494613731 0.00029817078306916219 0.012258719071745874 -0.0017387477472862777 0.013455298744762936 0.0059298963463377393 -0.0036048765693392072 -0.00028252444909802372 0.0087896259696504404 0.0020214746866699762 0.002191820102078574 -0.0019048534076789331 -0.0052949342781152481 0.0028892677122106156 -0.001182291771285236 -0.0057920456446450335 -0.00041989679675458408 0.0011123550640019988 -0.002740524932742119 -0.005646422449499369 -0.0023389119122709549 -0.0032475177724009909 -0.001790440520271659 -0.0026269925392365884 0.0019136872794479132 -0.0024097146535361257 -0.0034545109099285171 0.0040174068084211445 -0.0042187796812504534 0.00092964605064480574 -0.001837533674287525
leaf_weight=48 21 25 85 48 21 28 112 43 33 21 29 39 27 25 29 41 28 20 20 35 39 20 28 20 27 44 29 20 32 33
leaf_count=48 21 25 85 48 21 28 112 43 33 21 29 39 27 25 29 41 28 20 20 35 39 20 28 20 27 44 29 20 32 33
internal_value=0 0.007474 -0.00193445 0.0114679 0.00301926 -0.00319733 -0.000394588 0.010065 0.00228283 0.000339667 -0.00426094 -0.0035972 0.00129426 0.000358064 -0.00276032 -0.00171235 -0.00303631 -0.00442903 -0.00253384 -0.00354164 -0.00201581 -0.00130939 -0.00108063 -0.00082594 -0.0038503 -0.00438312 0.00295506 -0.00300461 -0.00119122 -0.00047523
internal_weight=0 220 850 116 104 467 383 68 83 185 136 88 73 46 331 69 262 59 162 55 107 68 198 170 100 73 62 40 150 65
internal_count=1070 220 850 116 104 467 383 68 83 185 136 88 73 46 331 69 262 59 162 55 107 68 198 170 100 73 62 40 150 65
is_linear=0
shrinkage=0.1


Tree=14
num_leaves=31
num_cat=0
split_feature=4 2 0 0 0 2 0 0 1 2 2 3 2 2 2 2 2 2 0 6 0 5 7 0 2 2 2 2 7 0
split_gain=1.25308 0.318094 0.13389 0.0330216 0.0175824 0.0172779 0.0166333 0.0129137 0.0115528 0.0116849 0.00889728 0.0109806 0.00846363 0.0104558 0.00775448 0.0136707 0.0086799 0.00730177 0.00696911 0.00685063 0.0112778 0.00754119 0.0226125 0.00677245 0.0062282 0.0153612 0.00774714 0.0121654 0.00621734 0.00829579
threshold=1.0000000180025095e-35 0.3832391713747646 0.53260869565217395 0.20652173913043484 0.097826086956521799 0.17507398439601832 0.88043478260869579 0.46739130434782616 1.0000000180025095e-35 0.45534032822168408 0.32035243475921443 1.0000000180025095e-35 0.21885929513048155 0.25874361043852573 0.24428302394404086 0.16727199354317993 0.36750067258541835 0.545735808447673 1.0000000180025095e-35 1.0000000180025095e-35 0.25000000000000011 1.0000000180025095e-35 1.0000000180025095e-35 0.75000000000000011 0.56214689265536733 0.50282485875706229 0.37146892655367236 0.31248318536454128 1.0000000180025095e-35 0.38043478260869568
decision_type=2 2 2 2 2 2 2 2 2 2 2 2 2 2 2 2 2 2 2 2 2 2 2 2 2 2 2 2 2 2
left_child=2 5 4 -3 10 -2 12 -7 9 -8 -1 18 -4 -14 15 -6 28 -5 -12 21 -21 22 -18 24 25 26 27 -15 29 -16
right_child=1 3 6 17 14 7 8 -9 -10 -11 11 -13 13 23 16 -17 19 -19 -20 20 -22 -23 -24 -25 -26 -27 -28 -29 -30 -31
leaf_value=-0.0049300098558887843 0.00035358575458469042 0.0079137149453163153 -0.0021944461544455194 0.010882085174018024 -0.0032443889616323371 0.0023513856003042431 0.00056827799891363145 0.004808165079448372 -0.00040282637525636419 0.003757352441316471 -0.0027116643797074048 -0.0013596136284911116 0.0015690711453895678 -0.0020844402490183714 -0.0047615231541187873 -0.00037790696113938239 0.0010011195072105953 0.012906420270779304 -0.0048027189398134086 -0.0050817802362143998 -0.0021050206465380531 -0.002922765994205689 -0.0027041491237469019 -7.3432967694702023e-05 -0.0026194330731717248 0.001673371158540249 -0.0021217680634244493 0.0013616800929109256 -0.0021687432364733135 -0.0025533688841042697
leaf_weight=48 22 35 34 49 28 46 27 40 39 20 28 23 22 20 46 41 28 28 37 20 35 39 40 99 24 20 57 21 27 27
leaf_count=48 22 35 34 49 28 46 27 40 39 20 28 23 22 20 46 41 28 28 37 20 35 39 40 99 24 20 57 21 27 27
internal_value=0 0.0067266 -0.001741 0.0104606 -0.00287759 0.00285434 -0.000355129 0.00349407 0.000869539 0.00192533 -0.00383484 -0.00323748 -0.000709747 -0.000517808 -0.00248428 -0.00154112 -0.00273268 0.0116182 -0.00390196 -0.00228046 -0.00318748 -0.00181423 -0.00117845 -0.000708312 -0.00115094 -0.000852262 -0.0013677 -0.000319354 -0.00346527 -0.00394481
internal_weight=0 220 850 112 467 108 383 86 86 47 136 88 297 263 331 69 262 77 65 162 55 107 68 241 142 118 98 41 100 73
internal_count=1070 220 850 112 467 108 383 86 86 47 136 88 297 263 331 69 262 77 65 162 55 107 68 241 142 118 98 41 100 73
is_linear=0
shrinkage=0.1


Tree=15
num_leaves=31
num_cat=0
split_feature=4 2 0 0 0 3 0 1 1 5 5 3 0 7 0 1 0 0 2 2 0 0 2 2 2 2 0 2 2 2
split_gain=1.01499 0.258703 0.109909 0.0226076 0.0187421 0.0205872 0.0157298 0.0154213 0.0103049 0.0344681 0.0222438 0.0175313 0.0137345 0.0136941 0.00891597 0.00992684 0.00890791 0.00843178 0.0072068 0.0102146 0.00722368 0.00674267 0.0109116 0.00552613 0.00526536 0.00994272 0.0057809 0.00531644 0.00454473 0.00413061
threshold=1.0000000180025095e-35 0.37563895614743076 0.61956521739130443 0.55434782608695665 0.097826086956521799 0.70000000000000018 0.66304347826086973 1.0000000180025095e-35 1.0000000180025095e-35 1.0000000180025095e-35 1.0000000180025095e-35 1.0000000180025095e-35 0.75000000000000011 1.0000000180025095e-35 0.11956521739130439 1.0000000180025095e-35 0.7934782608695653 0.7934782608695653 0.32035243475921443 0.40577078288942697 0.032608695652173954 0.31521739130434789 0.24562819478073714 0.39897767016411084 0.18361581920903949 0.31248318536454128 0.53260869565217395 0.44013989776701645 0.51035781544256131 0.46751412429378525
decision_type=2 2 2 2 2 2 2 2 2 2 2 2 2 2 2 2 2 2 2 2 2 2 2 2 2 2 2 2 2 2
left_child=2 6 4 7 18 21 14 -3 10 12 11 13 -10 -4 -2 -16 -12 -13 -1 -20 -21 22 -6 -14 -23 -26 -27 -28 -9 -24
right_child=1 3 8 -5 5 -7 -8 28 9 -11 16 17 23 -15 15 -17 -18 -19 19 20 -22 24 29 -25 25 26 27 -29 -30 -31
leaf_value=-0.0044370089191943405 3.2850477423164105e-05 0.010103005841374399 0.0010457270156725177 0.010962519088449578 -0.0011731185785987799 0.00095529940777591303 0.0048773024563810658 0.0059274677364599144 -0.0029440928317074266 0.0020806139275165543 -0.0029633283992076204 0.0013783422722190154 -0.0017975864366495183 -0.0022344582225196064 0.001022569347073191 0.0035651982465745228 -5.0645869036781651e-05 0.0037194230686873201 -0.0013770037940863905 -0.0044614583922502329 -0.0021239247731864455 -0.00059628854397925795 -0.0036158369900083837 -2.2933745083022626e-05 -0.0032697985629336194 -0.0020740558468557969 0.00050699412822723393 -0.001722291664665808 0.0079841499470851632 -0.0024031703468672064
leaf_weight=48 21 25 35 48 34 21 21 21 42 35 21 40 28 20 28 34 21 25 29 39 20 27 81 47 52 99 20 23 22 43
leaf_count=48 21 25 35 48 34 21 21 21 42 35 21 40 28 20 28 34 21 25 29 39 20 27 81 47 52 99 20 23 22 43
internal_value=0 0.00605394 -0.0015669 0.0093009 -0.00243724 -0.00209244 0.00243233 0.00812799 -8.12217e-05 -0.000672636 0.000473686 0.00116692 -0.00149626 -0.000147068 0.00181372 0.00241691 -0.00150699 0.00227876 -0.00345136 -0.00291373 -0.00366907 -0.00226132 -0.00276016 -0.000685471 -0.00190468 -0.00208677 -0.00165355 -0.000685415 0.00697972 -0.00319532
internal_weight=0 220 850 116 536 400 104 68 314 152 162 120 117 55 83 62 42 65 136 88 59 379 158 75 221 194 142 43 43 124
internal_count=1070 220 850 116 536 400 104 68 314 152 162 120 117 55 83 62 42 65 136 88 59 379 158 75 221 194 142 43 43 124
is_linear=0
shrinkage=0.1


Tree=16
num_leaves=31
num_cat=0
split_feature=4 2 0 0 3 2 0 0 7 6 2 3 0 2 2 1 5 2 2 2 2 2 2 0 0 0 2 2 1 0
split_gain=0.822145 0.210259 0.0890265 0.0242698 0.0153325 0.0142507 0.0106547 0.0105956 0.0105239 0.00996228 0.0181979 0.0195356 0.0118381 0.00883972 0.02889 0.0175374 0.0169096 0.016434 0.0160163 0.00922963 0.0111546 0.0112162 0.00850201 0.00802692 0.00608862 0.00522497 0.00512167 0.00449154 0.00815062 0.00479558
threshold=1.0000000180025095e-35 0.3832391713747646 0.61956521739130443 0.141304347826087 0.3000000000000001 0.33212267958030672 0.032608695652173954 0.33695652173913049 1.0000000180025095e-35 1.0000000180025095e-35 0.36750067258541835 0.50000000000000011 0.38043478260869568 0.59779391982781815 0.55259617971482389 1.0000000180025095e-35 1.0000000180025095e-35 0.43738229755178903 0.32492601560398171 0.41955878396556362 0.36400322841000804 0.25874361043852573 0.545735808447673 1.0000000180025095e-35 0.8369565217391306 0.57608695652173936 0.26318267419962332 0.52044659671778326 1.0000000180025095e-35 0.55434782608695665
decision_type=2 2 2 2 2 2 2 2 2 2 2 2 2 2 2 2 2 2 2 2 2 2 2 2 2 2 2 2 2 2
left_child=2 5 4 -3 6 7 23 -2 9 10 26 -12 -11 14 15 16 17 18 -4 20 21 -17 25 -1 -15 -5 -6 29 -29 -8
right_child=1 3 13 22 8 -7 27 -9 -10 12 11 -13 -14 24 -16 19 -18 -19 -20 -21 -22 -23 -24 -25 -26 -27 -28 28 -30 -31
leaf_value=-0.0027295382216919301 0.00029012047276465278 0.0059346370931182592 0.0019403308276024118 0.0074845703706766173 -0.0009110910076274057 0.0044493532628014998 -0.0026272790067946739 0.002589765833730709 -0.0027871458729108178 -0.0040812016278505324 0.0030428882688283924 -0.0011756948616710448 -0.00068175950131955606 -0.0026230438135653026 0.0031799274970710813 0.00019301821400100988 -0.0011758445846345765 0.0036461977672803663 -0.0011689261735106508 -0.0022258357069869011 0.0013574306688193853 -0.0029329526216977024 0.010683966192106407 -0.004802971547751716 -0.00024251984273591503 0.0094641480967402464 -0.0028808763843368402 -0.0026086188697566591 0.00012476746924221517 -0.0011606410741806031
leaf_weight=43 33 28 37 24 33 24 206 51 45 20 23 21 21 21 28 24 38 23 30 45 24 22 30 33 22 30 22 24 20 25
leaf_count=43 33 28 37 24 33 24 206 51 45 20 23 21 21 21 28 24 38 23 30 45 24 22 30 33 22 30 22 24 20 25
internal_value=0 0.00544854 -0.00141021 0.00848431 -0.00219352 0.00230034 -0.00258181 0.00168633 -0.00145682 -0.00102921 -0.000486348 0.00102947 -0.00234002 -7.30996e-05 0.000138251 -0.00021223 0.000593007 0.00133986 0.000548126 -0.00110849 -0.000390203 -0.00130201 0.0093342 -0.00362984 -0.0014051 0.00858434 -0.00169901 -0.00229217 -0.00136617 -0.00246855
internal_weight=0 220 850 112 536 108 351 84 185 140 99 44 41 314 271 243 128 90 67 115 70 46 84 76 43 54 55 275 44 231
internal_count=1070 220 850 112 536 108 351 84 185 140 99 44 41 314 271 243 128 90 67 115 70 46 84 76 43 54 55 275 44 231
is_linear=0
shrinkage=0.1


Tree=17
num_leaves=31
num_cat=0
split_feature=4 2 0 0 0 3 2 0 2 2 2 2 2 1 3 2 7 2 7 2 2 0 0 2 0 2 2 2 2 0
split_gain=0.665937 0.17031 0.0721114 0.0196585 0.0128347 0.0166773 0.011543 0.00859241 0.00800678 0.0197923 0.00703923 0.0124525 0.0167512 0.0157457 0.0109972 0.00775516 0.00710461 0.00688663 0.00572342 0.00766112 0.00958104 0.00493178 0.00484597 0.00900553 0.00423223 0.00412143 0.00755588 0.00459775 0.00853504 0.00522165
threshold=1.0000000180025095e-35 0.3832391713747646 0.61956521739130443 0.141304347826087 0.097826086956521799 0.70000000000000018 0.33212267958030672 0.35869565217391308 0.21885929513048155 0.26789077212806023 0.41209308582189941 0.59779391982781815 0.55259617971482389 1.0000000180025095e-35 0.3000000000000001 0.46125907990314774 1.0000000180025095e-35 0.545735808447673 1.0000000180025095e-35 0.32035243475921443 0.40772128060263657 0.8369565217391306 0.31521739130434789 0.24562819478073714 0.57608695652173936 0.18361581920903949 0.31248318536454128 0.37288135593220334 0.42124024751143396 0.46739130434782616
decision_type=2 2 2 2 2 2 2 2 2 2 2 2 2 2 2 2 2 2 2 2 2 2 2 2 2 2 2 2 2 2
left_child=2 6 4 -3 18 22 7 -2 -4 -10 16 12 13 14 -12 -15 -11 24 19 -1 -21 -13 23 -6 -5 -24 -27 29 -29 -28
right_child=1 3 8 17 5 -7 -8 -9 9 10 11 21 -14 15 -16 -17 -18 -19 -20 20 -22 -23 25 -25 -26 26 27 28 -30 -31
leaf_value=-0.0037326999911756228 0.00032101012832884282 0.005341173498891294 -0.0016796581904470389 0.0067361132746251925 -0.00082195392426322492 0.0010542713360683551 0.0040044179845911765 0.0023724791249355344 0.002568676820474452 -0.0014679942843940808 -0.00018966031050132146 -0.0023607394477862514 0.0028619348337607727 0.00014054987765848637 0.0029754852886190236 -0.002326191684159522 0.00046628455834083816 0.0096155695648243028 -0.004032791356245677 -0.00030923254787921909 -0.002723454179552694 -0.00021826780655167318 -0.00038091408291452187 -0.0026590542364565116 0.0085177331231534488 -0.0027308854838618297 -0.0015301637018897704 -0.0034264573700387374 -0.0011993627463278797 0.00072756110224872831
leaf_weight=33 35 28 28 24 34 21 24 49 29 64 21 21 28 25 23 26 27 30 30 25 48 22 27 124 30 52 21 22 79 20
leaf_count=33 35 28 28 24 34 21 24 49 29 64 21 21 28 25 23 26 27 30 30 25 48 22 27 124 30 52 21 22 79 20
internal_value=0 0.00490369 -0.00126919 0.00763588 -0.00197417 -0.00168884 0.0020703 0.0015177 -6.57896e-05 9.22115e-05 -0.000187234 0.000200258 0.00071236 7.88006e-05 0.00146485 -0.001117 -0.000894087 0.00840078 -0.00281338 -0.00246826 -0.00189667 -0.00126459 -0.00184083 -0.00226373 0.0077259 -0.00153848 -0.00169959 -0.00132193 -0.00168447 -0.000428835
internal_weight=0 220 850 112 536 400 108 84 314 286 257 166 123 95 44 51 91 84 136 106 73 43 379 158 54 221 194 142 101 41
internal_count=1070 220 850 112 536 400 108 84 314 286 257 166 123 95 44 51 91 84 136 106 73 43 379 158 54 221 194 142 101 41
is_linear=0
shrinkage=0.1


Tree=18
num_leaves=31
num_cat=0
split_feature=4 2 0 0 3 0 2 7 6 2 3 0 0 2 2 0 2 2 2 2 5 1 2 0 0 2 2 6 2 2
split_gain=0.539409 0.138293 0.0584103 0.0118023 0.0109264 0.0101275 0.00994759 0.00847388 0.008488 0.0147081 0.0162669 0.00839651 0.0072355 0.00648549 0.0160317 0.00587865 0.0058373 0.00570177 0.0100865 0.0135684 0.0148097 0.0187628 0.00666186 0.00553522 0.00399474 0.003972 0.00369344 0.00732329 0.00400558 0.0177704
threshold=1.0000000180025095e-35 0.37409200968522999 0.61956521739130443 0.27173913043478271 0.3000000000000001 0.11956521739130439 0.32425343018563357 1.0000000180025095e-35 1.0000000180025095e-35 0.36750067258541835 0.50000000000000011 0.38043478260869568 0.032608695652173954 0.21885929513048155 0.26789077212806023 1.0000000180025095e-35 0.49650255582458974 0.41209308582189941 0.59779391982781815 0.55259617971482389 1.0000000180025095e-35 1.0000000180025095e-35 0.30723701910142587 0.57608695652173936 0.8369565217391306 0.26318267419962332 0.52044659671778326 1.0000000180025095e-35 0.31510626849609902 0.28887543718052189
decision_type=2 2 2 2 2 2 2 2 2 2 2 2 2 2 2 2 2 2 2 2 2 2 2 2 2 2 2 2 2 2
left_child=2 5 4 -3 12 -2 23 8 9 25 -11 -10 15 -4 -15 -1 -5 22 19 20 21 -19 -16 -7 -20 -6 28 -28 29 -14
right_child=1 3 13 16 7 6 -8 -9 11 10 -12 -13 26 14 17 -17 -18 18 24 -21 -22 -23 -24 -25 -26 -27 27 -29 -30 -31
leaf_value=-0.0021977223845761873 -0.00021827717511249439 0.0054481737553900072 -0.0015116923925234005 0.0065938131145334674 -0.00066638160320563308 0.00089178751879491101 0.0041822066434542655 -0.0023485933024656133 -0.0034474801179021596 0.0029299587659213856 -0.00091954586761338372 -0.00058451030580770403 -0.0021954123656019228 0.0023118090635197686 0.00075744888966991801 -0.0039721339602362023 0.0083727299534261997 0.0026534121333351059 -0.002124665492946016 0.0025757412825311936 -0.0020183313898742201 -0.00064256506500383597 -0.0012733168145807993 0.0028477802649950206 -0.00019644107087515297 -0.0024010548939589751 -0.0023162542778829283 0.00026396683163263583 -0.0024126164630175599 0.0011103066941723228
leaf_weight=43 21 43 28 35 33 39 20 45 20 23 21 21 87 29 21 33 39 31 21 28 25 39 70 23 22 22 22 22 124 20
leaf_count=43 21 43 28 35 33 39 20 45 20 23 21 21 87 29 21 33 39 31 21 28 25 39 70 23 22 22 22 22 124 20
internal_value=0 0.00441332 -0.00114227 0.00676574 -0.00177675 0.00174116 0.00224296 -0.00115484 -0.00077114 -0.000270053 0.0010927 -0.00198108 -0.00210454 -5.92106e-05 8.29904e-05 -0.00296819 0.00753135 -0.000168511 0.000180232 0.000641124 7.09206e-05 0.000817082 -0.000804679 0.0016174 -0.00113813 -0.00136025 -0.00186585 -0.00102614 -0.0020258 -0.00157752
internal_weight=0 220 850 117 536 103 82 185 140 99 44 41 351 314 286 76 74 257 166 123 95 70 91 62 43 55 275 44 231 107
internal_count=1070 220 850 117 536 103 82 185 140 99 44 41 351 314 286 76 74 257 166 123 95 70 91 62 43 55 275 44 231 107
is_linear=0
shrinkage=0.1


Tree=19
num_leaves=31
num_cat=0
split_feature=4 2 0 0 3 2 0 0 0 3 1 7 1 2 2 2 2 2 2 1 2 0 2 2 7 2 0 2 2 1
split_gain=0.436921 0.112534 0.0473123 0.0139159 0.00914305 0.00896308 0.00776855 0.0074057 0.00579783 0.00916863 0.0057083 0.00536108 0.00643594 0.00589861 0.0204319 0.00774363 0.0135699 0.0168632 0.0161085 0.00721606 0.00523802 0.00499359 0.00415592 0.00764578 0.00735575 0.00895006 0.00682141 0.00804084 0.00385878 0.00369245
threshold=1.0000000180025095e-35 0.3832391713747646 0.61956521739130443 0.141304347826087 0.70000000000000018 0.16727199354317993 0.31521739130434789 0.46739130434782616 0.88043478260869579 1.0000000180025095e-35 1.0000000180025095e-35 1.0000000180025095e-35 1.0000000180025095e-35 0.24428302394404086 0.19188861985472158 0.37012375571697609 0.40577078288942697 0.44013989776701645 0.48405972558514931 1.0000000180025095e-35 0.36750067258541835 0.815217391304348 0.21885929513048155 0.32035243475921443 1.0000000180025095e-35 0.53658864675813833 0.75000000000000011 0.44013989776701645 0.49650255582458974 1.0000000180025095e-35
decision_type=2 2 2 2 2 2 2 2 2 2 2 2 2 2 2 2 2 2 2 2 2 2 2 2 2 2 2 2 2 2
left_child=2 5 4 -3 6 -2 11 -7 22 20 -9 13 -13 14 -1 -15 -17 -18 -19 -20 -10 28 -4 -24 25 26 -25 -28 -5 -8
right_child=1 3 8 21 -6 7 29 10 9 -11 -12 12 -14 15 -16 16 17 18 19 -21 -22 -23 23 24 -26 -27 27 -29 -30 -31
leaf_value=-0.0026373133851358525 -0.00024210906121879816 0.0042622386677456754 -0.001591811132485695 0.0054667183448775455 0.00030854720486483229 0.0012463039530322274 -0.0016339504739026661 0.0018762289185542615 0.0011881887225899846 0.0020570746654023728 0.0042368197902327492 -0.0018016606389034179 -0.0038082489574497399 -0.0029858864440272252 0.0016140839923173189 0.0006500432775779205 -0.0046895402763038876 0.00085950573398308318 -0.0032515211825204248 -0.00095809892467830495 -0.0008302295035617944 0.0082157075032591818 0.0010857662090506309 -0.0017064039225635286 -0.0015139144305673351 0.0012687561076341405 0.0012387977730083681 -0.00138649181695655 0.0070477347471751273 -0.00081576559487247027
leaf_weight=26 20 28 23 26 24 47 115 20 20 30 21 31 33 60 20 22 20 22 34 23 36 20 39 34 48 36 28 20 38 106
leaf_count=26 20 28 23 26 24 47 115 20 20 30 21 31 33 60 20 22 20 22 34 23 36 20 39 34 48 36 28 20 38 106
internal_value=0 0.00397199 -0.00102804 0.00619291 -0.00159908 0.00166881 -0.0016885 0.00210311 -5.32896e-05 0.000646369 0.00308531 -0.00202795 -0.00283631 -0.00180005 -0.00078888 -0.00205703 -0.00159644 -0.00209565 -0.00143897 -0.00232611 -0.000109366 0.00683646 -0.000317196 -0.00017419 -0.000470204 -4.56442e-05 -0.000622698 0.000144927 0.00640545 -0.00124152
internal_weight=0 220 850 112 536 108 512 88 314 86 41 291 64 227 46 181 121 99 79 57 56 84 228 205 166 118 82 48 64 221
internal_count=1070 220 850 112 536 108 512 88 314 86 41 291 64 227 46 181 121 99 79 57 56 84 228 205 166 118 82 48 64 221
is_linear=0
shrinkage=0.1


Tree=20
num_leaves=31
num_cat=0
split_feature=4 2 0 2 0 0 0 3 3 2 2 3 2 2 2 2 2 7 3 0 3 3 2 0 1 0 3 2 2 0
split_gain=0.353906 0.0914661 0.0384574 0.0103298 0.0109266 0.0075418 0.00647718 0.00742659 0.00593735 0.00576812 0.00888635 0.00532131 0.00668322 0.00842246 0.00585495 0.00512605 0.0202931 0.0130049 0.00685588 0.0101013 0.00673611 0.00487361 0.00531131 0.00446414 0.00621488 0.00437456 0.0051642 0.00424279 0.00414337 0.00373851
threshold=1.0000000180025095e-35 0.37409200968522999 0.53260869565217395 0.59375840731772944 0.57608695652173936 0.66304347826086973 0.88043478260869579 1.0000000180025095e-35 0.70000000000000018 0.62469733656174342 0.57398439601829432 1.0000000180025095e-35 0.19975786924939462 0.31248318536454128 0.48405972558514931 0.29149852031207962 0.32035243475921443 1.0000000180025095e-35 0.3000000000000001 0.72826086956521752 1.0000000180025095e-35 1.0000000180025095e-35 0.47302932472423986 0.11956521739130439 1.0000000180025095e-35 0.1630434782608696 0.3000000000000001 0.36750067258541835 0.47672854452515467 0.44565217391304357
decision_type=2 2 2 2 2 2 2 2 2 2 2 2 2 2 2 2 2 2 2 2 2 2 2 2 2 2 2 2 2 2
left_child=2 5 8 4 -3 23 15 27 9 10 11 12 -1 -14 -15 20 -17 18 21 -20 -4 28 -23 -2 -25 26 -13 -8 -18 -27
right_child=1 3 6 -5 -6 -7 7 -9 -10 -11 -12 25 13 14 -16 16 17 -19 19 -21 -22 22 -24 24 -26 29 -28 -29 -30 -31
leaf_value=-0.00067205519725879043 -0.00027855379684340388 0.0040838999123985155 -0.0023520559014286848 0.0072904299907386302 0.0062972413682329809 0.0031448046490550039 0.0010693698469549419 0.0018513671743373079 0.0001088339990625779 -0.0028839934335061997 0.00049400238675020988 -0.001568295895729376 -0.0035459173843264582 -0.0014052479933851806 -0.0031380307645751879 0.0026442352034475492 0.00095861566349350179 -0.0017255444291004098 -0.00018764367356197909 0.0027136864233762029 -0.00035899538129871323 -0.0024051337813337645 -0.00012810659129172563 0.00030512932592370947 0.0023169704538304361 -0.0018180120306664973 0.00047081502637377493 -0.00074720655502460433 -0.00083866476324265422 -0.00075277799591680784
leaf_weight=30 21 54 28 25 38 20 20 30 21 33 21 23 40 78 26 23 29 60 30 20 43 21 20 28 34 123 27 36 23 45
leaf_count=30 21 54 28 25 38 20 20 30 21 33 21 23 40 78 26 23 29 60 30 20 43 21 20 28 34 123 27 36 23 45
internal_value=0 0.00357479 -0.00092524 0.00548792 0.00499811 0.00140162 -0.000182495 0.000581732 -0.00153439 -0.00161176 -0.0015101 -0.00161746 -0.00202986 -0.00231274 -0.00183844 -0.000403786 -0.00017093 -0.00048989 2.85667e-05 0.000972888 -0.00114499 -0.000479133 -0.00129439 0.000981578 0.0014084 -0.0012883 -0.000467176 -9.84293e-05 0.000163665 -0.00153268
internal_weight=0 220 850 117 92 103 383 86 467 446 413 392 174 144 104 297 226 203 143 50 71 93 41 83 62 218 50 56 52 168
internal_count=1070 220 850 117 92 103 383 86 467 446 413 392 174 144 104 297 226 203 143 50 71 93 41 83 62 218 50 56 52 168
is_linear=0
shrinkage=0.1


Tree=21
num_leaves=31
num_cat=0
split_feature=4 2 0 0 0 3 2 2 2 1 5 2 2 2 2 2 2 2 0 3 0 2 0 1 2 2 2 3 2 2
split_gain=0.286664 0.0741848 0.0316785 0.0103076 0.00740518 0.0103293 0.00648455 0.00466095 0.0150656 0.0100802 0.0118348 0.0101775 0.0119103 0.00526089 0.0110742 0.0083796 0.00446853 0.00640524 0.00408019 0.0039171 0.00592761 0.0204016 0.0101925 0.00562017 0.00708794 0.0164146 0.00494467 0.00493594 0.00885769 0.00798631
threshold=1.0000000180025095e-35 0.3832391713747646 0.61956521739130443 0.141304347826087 0.097826086956521799 0.70000000000000018 0.33212267958030672 0.59779391982781815 0.55259617971482389 1.0000000180025095e-35 1.0000000180025095e-35 0.43738229755178903 0.30064568200161429 0.41955878396556362 0.36400322841000804 0.25874361043852573 0.38061608824320686 0.52347323110034982 0.33695652173913049 0.50000000000000011 0.1630434782608696 0.31510626849609902 0.20652173913043484 1.0000000180025095e-35 0.37012375571697609 0.48809523809523808 0.21885929513048155 1.0000000180025095e-35 0.31510626849609902 0.46845574387947264
decision_type=2 2 2 2 2 2 2 2 2 2 2 2 2 2 2 2 2 2 2 2 2 2 2 2 2 2 2 2 2 2
left_child=2 6 4 -3 16 19 18 8 9 10 11 12 -4 14 15 -11 -1 -18 -2 20 21 -6 -22 27 26 -26 -25 -24 -29 -30
right_child=1 3 7 -5 5 -7 -8 -9 -10 13 -12 -13 -14 -15 -16 -17 17 -19 -20 -21 22 -23 23 24 25 -27 -28 28 29 -31
leaf_value=-0.0025277451118172118 6.6698037412469136e-05 0.0033589134882536851 0.0020510428156870018 0.0055744041053999577 0.0021464703350581905 0.0010755764303861984 0.0027969493674997164 -0.0010023202971815197 0.002314870891028217 0.00011177536628868742 -0.0010040540839039941 0.0029155404033625256 -0.00065221152513120803 -0.0016578032860221964 0.0014693993190727876 -0.002590151013679464 -0.0006228362491657568 -0.0025880078957588588 0.0014937430836617555 -0.0020181515521150743 -0.0029847343886891999 -0.0022111104535205025 -0.002361734607256949 -5.2778488025069238e-05 0.0017790044541470707 -0.0013765285942046084 -0.0019706821381455151 0.00028840709597833695 -0.0027952761854976417 -0.00026283694824087435
leaf_weight=66 33 28 28 84 22 21 24 43 28 24 38 23 39 45 24 22 43 27 51 51 30 21 44 20 32 34 41 31 33 20
leaf_count=66 33 28 28 84 22 21 24 43 28 24 38 23 39 45 24 22 43 27 51 51 30 21 44 20 32 34 41 31 33 20
internal_value=0 0.00321731 -0.000832716 0.00502053 -0.00129997 -0.00108324 0.0013473 -3.51062e-05 0.000118363 -0.000134732 0.000475753 0.00110056 0.000477507 -0.000814229 -0.00027193 -0.00118045 -0.00193742 -0.00138083 0.000933118 -0.00120286 -0.00107609 1.83495e-05 -0.00124121 -0.00103609 -0.000564782 0.000153427 -0.00134186 -0.00150372 -0.00105429 -0.00183964
internal_weight=0 220 850 112 536 400 108 314 271 243 128 90 67 115 70 46 136 70 84 379 328 43 285 255 127 66 61 128 84 53
internal_count=1070 220 850 112 536 400 108 314 271 243 128 90 67 115 70 46 136 70 84 379 328 43 285 255 127 66 61 128 84 53
is_linear=0
shrinkage=0.1


Tree=22
num_leaves=31
num_cat=0
split_feature=4 2 0 2 0 2 2 0 3 0 3 2 2 5 1 2 2 2 2 0 2 2 0 2 2 2 2 0 2 0
split_gain=0.232198 0.0601488 0.0257753 0.00811655 0.00857128 0.00801495 0.0217582 0.00625548 0.00789074 0.00595099 0.00493123 0.0109719 0.0328548 0.0108103 0.0138639 0.00361951 0.00518824 0.00359896 0.0115111 0.0138696 0.00584583 0.0135819 0.0132804 0.00686023 0.0099081 0.0074336 0.0140394 0.00334731 0.00520714 0.00333172
threshold=1.0000000180025095e-35 0.37563895614743076 0.64130434782608703 0.59375840731772944 0.72826086956521752 0.23305084745762714 0.26789077212806023 0.097826086956521799 0.70000000000000018 0.66304347826086973 1.0000000180025095e-35 0.50645682001614212 0.58662900188323919 1.0000000180025095e-35 1.0000000180025095e-35 0.38061608824320686 0.52347323110034982 0.24300511164917946 0.16727199354317993 0.35869565217391308 0.31248318536454128 0.32425343018563357 0.18478260869565219 0.37012375571697609 0.39487489911218726 0.44013989776701645 0.48809523809523808 0.11956521739130439 0.27145547484530536 0.75000000000000011
decision_type=2 2 2 2 2 2 2 2 2 2 2 2 2 2 2 2 2 2 2 2 2 2 2 2 2 2 2 2 2 2
left_child=2 9 7 4 -3 -4 -7 15 17 27 29 13 -13 14 -12 -1 -17 18 -9 -20 -19 -22 -23 -24 -25 -26 -27 -2 -29 -8
right_child=1 3 5 -5 -6 6 10 8 -10 -11 11 12 -14 -15 -16 16 -18 20 19 -21 21 22 23 24 25 26 -28 28 -30 -31
leaf_value=-0.0022749705959788781 -0.00032237416044587181 0.0034583439239855469 -0.001524210522878885 0.0060571183376014236 0.0056915309968525955 0.0032643558147052924 -0.0016603140329772778 -0.0018490268143692189 0.00088076677321541048 0.0026531559592556388 0.0017432402083239354 0.0043347873936661263 -0.0012653405766468496 -0.0021054940162381782 -0.0012919483723601811 -0.00056055263117995376 -0.0023292070530630924 -0.0021167857935494284 0.0020248827627963491 -0.001449554697610438 0.0014238899471127383 -0.0031231624307110906 -0.0023218444144974151 0.0013517916208088754 -0.0022923332885980154 0.0010470815636734996 -0.001335555172906275 0.00035957013424194886 0.0022167658866517463 -0.00029855527217459524
leaf_weight=66 21 68 31 25 23 21 22 35 22 21 34 22 20 24 27 43 27 59 27 20 21 32 30 21 33 36 79 36 26 98
leaf_count=66 21 68 31 25 23 21 22 35 22 21 34 22 20 24 27 43 27 59 27 20 21 32 30 21 33 36 79 36 26 98
internal_value=0 0.00289558 -0.000749444 0.00446121 0.00402278 -1.9069e-06 0.00017418 -0.00115509 -0.000962209 0.0011493 -8.8547e-05 0.000345781 0.00166806 -0.00030758 0.000399796 -0.00174368 -0.00124275 -0.00106538 -0.000476039 0.000546399 -0.00122077 -0.00101098 -0.00123234 -0.000928285 -0.000680907 -0.000969331 -0.000589686 0.000768802 0.00113839 -0.000548211
internal_weight=0 220 850 116 91 299 268 551 415 104 247 127 42 85 61 136 70 393 82 47 311 252 231 199 169 148 115 83 62 120
internal_count=1070 220 850 116 91 299 268 551 415 104 247 127 42 85 61 136 70 393 82 47 311 252 231 199 169 148 115 83 62 120
is_linear=0
shrinkage=0.1


Tree=23
num_leaves=31
num_cat=0
split_feature=4 2 0 0 0 6 2 2 2 2 6 2 2 2 2 1 2 2 0 3 3 2 2 2 0 2 2 2 0 1
split_gain=0.18808 0.0488157 0.0216307 0.00781987 0.00640533 0.00620751 0.00561115 0.0155841 0.0111611 0.00889394 0.0116537 0.0236389 0.00536421 0.0116468 0.0051461 0.0050092 0.0147845 0.011427 0.00999201 0.0178783 0.00780466 0.00495225 0.00765319 0.00867372 0.0125577 0.00602603 0.00950686 0.0044833 0.00431182 0.00409429
threshold=1.0000000180025095e-35 0.3832391713747646 0.72826086956521752 0.141304347826087 0.31521739130434789 1.0000000180025095e-35 0.23305084745762714 0.29412160344363736 0.41209308582189941 0.58662900188323919 1.0000000180025095e-35 0.49858757062146897 0.545735808447673 0.42507398439601829 0.16727199354317993 1.0000000180025095e-35 0.46751412429378525 0.48405972558514931 0.22826086956521749 1.0000000180025095e-35 1.0000000180025095e-35 0.53006456820016157 0.37288135593220334 0.29674468657519509 0.55434782608695665 0.2247780468119451 0.16727199354317993 0.59779391982781815 0.46739130434782616 1.0000000180025095e-35
decision_type=2 2 2 2 2 2 2 2 2 2 2 2 2 2 2 2 2 2 2 2 2 2 2 2 2 2 2 2 2 2
left_child=2 14 4 -3 15 21 -4 -8 -9 10 11 -10 13 -7 -2 17 -17 18 19 -1 -18 22 23 25 -25 26 -6 -19 -16 -30
right_child=1 3 6 -5 5 12 7 8 9 -11 -12 -13 -14 -15 28 16 20 27 -20 -21 -22 -23 -24 24 -26 -27 -28 -29 29 -31
leaf_value=-0.00093924272622840073 -0.00035885955963749439 0.0026214997383898924 -0.0013078159852581018 0.0045512006948792124 -0.0015676157801256824 -0.0019830164338390413 0.0025759119161025243 -0.0012324830086492093 -0.0011204154509438301 -0.00072385755081016284 0.0031423693655857018 0.0029414228953259149 -0.0028517201356589796 0.0009380252410968146 0.0007643901700577501 -0.0023012652581590894 -0.0014584225416183474 -0.0032788242382759398 -0.0020529351743439643 0.0021372800134122371 0.0013352591916918756 0.00061430199689661662 -0.0014292962328024284 -0.00052840302195099581 0.0025184377242112536 -0.0018129520868283831 0.0014070065374570814 -0.0012101251445710661 0.0011436445207800717 0.0031428469289537702
leaf_weight=51 20 28 23 84 21 39 27 52 38 39 21 23 20 21 47 112 20 22 26 30 20 39 74 31 24 35 22 20 20 21
leaf_count=51 20 28 23 84 21 39 27 52 38 39 21 23 20 21 47 112 20 22 26 30 20 39 74 31 24 35 22 20 20 21
internal_value=0 0.00260602 -0.0006745 0.00406878 -0.000975346 -0.000668223 0.000171377 0.000341484 -7.24199e-06 0.000519308 0.00111057 0.000411097 -0.00143342 -0.000960652 0.00108909 -0.00130798 -0.00171187 -0.000895946 -0.000347283 0.00020021 -6.15817e-05 -0.000419379 -0.000614131 -0.00016058 0.000801127 -0.000838707 -4.5716e-05 -0.00229373 0.00141817 0.00216763
internal_weight=0 220 850 112 627 326 223 200 173 121 82 61 80 60 108 301 152 149 107 81 40 246 207 133 55 78 43 42 88 41
internal_count=1070 220 850 112 627 326 223 200 173 121 82 61 80 60 108 301 152 149 107 81 40 246 207 133 55 78 43 42 88 41
is_linear=0
shrinkage=0.1


Tree=24
num_leaves=31
num_cat=0
split_feature=4 2 0 2 0 0 3 2 2 2 2 6 2 0 2 6 2 2 0 2 2 2 2 2 7 5 2 0 0 1
split_gain=0.152345 0.0397671 0.0175208 0.00655349 0.00616203 0.00525738 0.00487611 0.00454503 0.0126231 0.00904049 0.00720409 0.00943953 0.0192203 0.00410163 0.00568959 0.00360324 0.00581706 0.013792 0.0119559 0.00916523 0.0114047 0.00751972 0.0115876 0.0100932 0.00816124 0.0120984 0.0043193 0.00455725 0.00498127 0.00974553
threshold=1.0000000180025095e-35 0.37409200968522999 0.72826086956521752 0.59375840731772944 0.57608695652173936 0.097826086956521799 0.70000000000000018 0.23305084745762714 0.29412160344363736 0.41209308582189941 0.58662900188323919 1.0000000180025095e-35 0.50645682001614212 0.11956521739130439 0.32425343018563357 1.0000000180025095e-35 0.21650524616626307 0.25477535647027172 0.31521739130434789 0.28887543718052189 0.31510626849609902 0.36400322841000804 0.3832391713747646 0.43738229755178903 1.0000000180025095e-35 1.0000000180025095e-35 0.28887543718052189 0.25000000000000011 0.55434782608695665 1.0000000180025095e-35
decision_type=2 2 2 2 2 2 2 2 2 2 2 2 2 2 2 2 2 2 2 2 2 2 2 2 2 2 2 2 2 2
left_child=2 13 5 4 -3 -1 15 -4 -9 -10 11 12 -11 -2 -15 16 18 -18 -7 -19 -21 -22 -23 -24 25 -25 -17 -28 29 -29
right_child=1 3 7 -5 -6 6 -8 8 9 10 -12 -13 -14 14 -16 26 17 19 -20 20 21 22 23 24 -26 -27 27 28 -30 -31
leaf_value=-0.001428013012114474 -0.00033448295379501014 0.0025302128728610655 -0.0011770343804686414 0.0050425993259414102 0.0041923510321219895 -0.0032682238534713784 0.00055605363283705504 0.0023183207169899509 -0.0011092347178698848 -0.00096321031659243059 -0.00065147181389292185 0.0028281322769111114 0.0027333840473809027 0.00075873611719925397 0.0026984445349080492 4.7491962614003573e-05 0.0018975759157910943 -0.0023329165588526443 -0.00043146011586754754 0.0013381351566603107 -0.0020320147356768657 0.001757711322335083 -0.0020406493665325611 0.0019432434431898096 -0.0013508436101032065 -0.00083146358295132161 -0.0027948305699164455 -0.0019364814911766546 -0.0022206119095374431 0.0010431009389105298
leaf_weight=136 21 54 23 25 38 24 28 27 52 39 39 21 22 62 20 20 23 29 39 31 36 21 43 30 39 33 23 23 28 21
leaf_count=136 21 54 23 25 38 24 28 27 52 39 39 21 22 62 20 20 23 29 39 31 36 21 43 30 39 33 23 23 28 21
internal_value=0 0.00234542 -0.00060705 0.00360689 0.00321675 -0.000877811 -0.000725413 0.000154239 0.000307335 -6.51781e-06 0.000467377 0.000999512 0.000369988 0.000912489 0.00123184 -0.00080291 -0.000642543 -0.000450318 -0.00151213 -0.000656431 -0.000447769 -0.000721844 -0.00043771 -0.000755668 -0.00021396 0.000489825 -0.00128819 -0.00156939 -0.00117793 -0.000514408
internal_weight=0 220 850 117 92 627 491 223 200 173 121 82 61 103 82 463 348 285 63 262 233 202 166 145 102 63 115 95 72 44
internal_count=1070 220 850 117 92 627 491 223 200 173 121 82 61 103 82 463 348 285 63 262 233 202 166 145 102 63 115 95 72 44
is_linear=0
shrinkage=0.1


Tree=25
num_leaves=31
num_cat=0
split_feature=4 2 0 0 2 5 2 3 2 2 2 5 2 2 7 2 2 2 5 2 0 0 2 0 0 2 2 2 2 3
split_gain=0.1234 0.0322815 0.0141919 0.00958544 0.00868428 0.00833683 0.00443124 0.00582469 0.0100897 0.0156704 0.00894648 0.0114071 0.0208511 0.00786657 0.00491356 0.00428762 0.00972977 0.00852412 0.0101781 0.00736935 0.00635626 0.00631304 0.00492108 0.00382937 0.00373682 0.00370842 0.00368148 0.0102247 0.00762138 0.00512847
threshold=1.0000000180025095e-35 0.33212267958030672 0.72826086956521752 0.85869565217391319 0.59375840731772944 1.0000000180025095e-35 0.14985203120796339 1.0000000180025095e-35 0.25477535647027172 0.21885929513048155 0.30589184826472965 1.0000000180025095e-35 0.38391175679311274 0.20621468926553674 1.0000000180025095e-35 0.44013989776701645 0.53874092009685237 0.40422383642722626 1.0000000180025095e-35 0.36750067258541835 0.35869565217391308 0.27173913043478271 0.48681732580037662 0.22826086956521749 0.55434782608695665 0.54156577885391444 0.23305084745762714 0.29412160344363736 0.37563895614743076 0.3000000000000001
decision_type=2 2 2 2 2 2 2 2 2 2 2 2 2 2 2 2 2 2 2 2 2 2 2 2 2 2 2 2 2 2
left_child=2 -2 6 4 5 23 -1 10 9 -9 13 12 -12 -8 25 17 21 18 19 -10 -18 -17 -23 -3 -25 -14 -4 -28 -29 -30
right_child=1 3 26 -5 -6 -7 7 8 15 -11 11 -13 14 -15 -16 16 20 -19 -20 -21 -22 22 -24 24 -26 -27 27 28 29 -31
leaf_value=-0.0017950750637526919 0.00056954759465519434 0.0026357241368306608 -0.0010593309396189517 0.0050274827828009931 0.0044421130404099013 0.0040199772980053072 -0.00049512332305312156 -0.00045100819807863089 -0.0017358324414137268 0.0029081842019444424 0.0019222120434278624 -0.0023414804983664965 -0.0012472495866509585 -0.0028956898054931057 -0.0023108857481375987 0.002050343486480415 -0.0021906173983288388 -0.0025726090308550438 0.00063523249424179095 0.00021132603601122706 -0.00021074557561780025 -0.0011616975666997448 0.00088898224823060444 0.00019841082283251341 0.0020849093739386828 0.00026116375146167622 0.0020864885774682517 -0.0013729675747030838 -7.9845361428202273e-05 0.0012409036779510124
leaf_weight=41 84 29 23 21 23 21 20 41 77 21 32 34 39 43 23 20 31 30 40 26 34 22 25 21 21 28 27 33 98 42
leaf_count=41 84 29 23 21 23 21 20 41 77 21 32 34 39 43 23 20 31 30 40 26 34 22 25 21 21 28 27 33 98 42
internal_value=0 0.00211088 -0.000546345 0.00306287 0.00270412 0.00226962 -0.00079003 -0.000719711 -0.000476167 0.000686783 -0.00112784 -0.000721667 -0.000270244 -0.00213361 -0.00104978 -0.00071257 -0.000283336 -0.00104008 -0.000718569 -0.00124432 -0.00115499 0.0005623 -7.09104e-05 0.00175191 0.00114166 -0.000616868 0.000138815 0.000276602 -5.86602e-06 0.000316379
internal_weight=0 220 850 136 115 92 627 586 367 62 219 156 122 63 90 305 132 173 143 103 65 67 47 71 42 67 223 200 173 140
internal_count=1070 220 850 136 115 92 627 586 367 62 219 156 122 63 90 305 132 173 143 103 65 67 47 71 42 67 223 200 173 140
is_linear=0
shrinkage=0.1


Tree=26
num_leaves=31
num_cat=0
split_feature=4 2 0 7 2 2 3 6 2 3 1 0 2 2 2 3 1 5 2 2 2 0 0 0 2 2 2 2 0 3
split_gain=0.0999536 0.027307 0.0117823 0.00528494 0.0057258 0.00752295 0.00476851 0.00587934 0.0100681 0.0137118 0.00667771 0.00411039 0.00426921 0.00390383 0.00589467 0.0137859 0.00907531 0.00760573 0.00623896 0.0152811 0.0162881 0.00375369 0.00338945 0.00330487 0.0126371 0.00330452 0.00873875 0.00453483 0.00380694 0.00383017
threshold=1.0000000180025095e-35 0.37563895614743076 0.61956521739130443 1.0000000180025095e-35 0.25087436104385258 0.33319881624966369 0.3000000000000001 1.0000000180025095e-35 0.36750067258541835 0.50000000000000011 1.0000000180025095e-35 0.72826086956521752 0.59375840731772944 0.19592413236481029 0.38061608824320686 1.0000000180025095e-35 1.0000000180025095e-35 1.0000000180025095e-35 0.44222491256389568 0.52044659671778326 0.62967446865751953 0.35869565217391308 0.38043478260869568 0.92391304347826098 0.47107882701103038 0.29149852031207962 0.32687651331719131 0.41209308582189941 0.75000000000000011 0.3000000000000001
decision_type=2 2 2 2 2 2 2 2 2 2 2 2 2 2 2 2 2 2 2 2 2 2 2 2 2 2 2 2 2 2
left_child=2 21 3 6 -5 -6 13 8 22 -10 -9 12 -3 -1 15 -15 -17 18 -16 -20 -21 -2 -8 25 -25 -4 -27 -28 -29 -30
right_child=1 11 23 4 5 -7 7 10 9 -11 -12 -13 -14 14 17 16 -18 -19 19 20 -22 -23 -24 24 -26 26 27 28 29 -31
leaf_value=0.00015323696904541816 6.1556006078311104e-05 0.0022411780671117254 -0.00081495535638877897 -0.0026293380116974869 0.00043968853208719303 -0.0015069337697192775 0.00028005142618591584 -0.0024419085230329078 0.0031041397267709608 -0.0004301303439812425 0.00011126972967758776 0.0040099922962586526 0.0039032348574255596 -0.0025806326924919572 0.0012585384100675583 0.0013382603274658322 -0.0014722351952514146 -0.0019018095797829091 -0.0024558370967430101 0.0024140960901327755 -0.001391880933872678 0.0012687010673273524 -0.0013028714993608094 0.0020472163905299479 -0.0009422514392868974 0.0020196012477390469 -0.00099260042910464109 -0.00047820645096388094 0.00012695112774072556 0.0017152383627200671
leaf_weight=34 47 68 59 27 27 75 24 20 23 21 21 28 20 58 25 20 27 31 27 23 22 57 31 31 26 20 50 57 49 22
leaf_count=34 47 68 59 27 27 75 24 20 23 21 21 28 20 58 25 20 27 31 27 23 22 57 31 31 26 20 50 57 49 22
internal_value=0 0.00189979 -0.00049171 -0.000776673 -0.00133442 -0.000991651 -0.000599892 -0.000127192 0.000289845 0.00141733 -0.00113418 0.00295469 0.00261892 -0.00084775 -0.000993817 -0.00154916 -0.00027628 -0.000538261 -0.000102488 -0.000575066 0.000553396 0.000723164 -0.000612141 -5.27742e-06 0.000683599 -0.000158063 3.76772e-05 -0.000185011 0.000130454 0.000619096
internal_weight=0 220 850 536 129 102 407 140 99 44 41 116 88 267 233 105 47 128 97 72 45 104 55 314 57 257 198 178 128 71
internal_count=1070 220 850 536 129 102 407 140 99 44 41 116 88 267 233 105 47 128 97 72 45 104 55 314 57 257 198 178 128 71
is_linear=0
shrinkage=0.1


Tree=27
num_leaves=31
num_cat=0
split_feature=4 2 0 2 0 0 0 2 2 2 2 2 3 2 2 2 2 2 2 2 2 6 1 0 0 0 2 3 2 3
split_gain=0.0809624 0.0221187 0.00969169 0.00343203 0.0036039 0.00325963 0.00314145 0.0102361 0.00425836 0.0189197 0.00776277 0.00452507 0.00622722 0.0030672 0.0088785 0.00882344 0.00372331 0.00309894 0.0113033 0.00689266 0.0240376 0.0075903 0.00519945 0.0111104 0.00707708 0.00680607 0.00322116 0.00305677 0.00668718 0.00499966
threshold=1.0000000180025095e-35 0.37563895614743076 0.53260869565217395 0.59375840731772944 0.57608695652173936 0.66304347826086973 0.92391304347826098 0.47107882701103038 0.29149852031207962 0.31510626849609902 0.36400322841000804 0.25874361043852573 1.0000000180025095e-35 0.15388754371805216 0.19592413236481029 0.2210788270110304 0.25087436104385258 0.59503631961259085 0.64574926015603984 0.48809523809523808 0.46751412429378525 1.0000000180025095e-35 1.0000000180025095e-35 0.20652173913043484 0.33695652173913049 0.054347826086956548 0.37839655636265807 0.3000000000000001 0.50645682001614212 1.0000000180025095e-35
decision_type=2 2 2 2 2 2 2 2 2 2 2 2 2 2 2 2 2 2 2 2 2 2 2 2 2 2 2 2 2 2
left_child=2 5 13 4 -3 -2 8 -8 11 -10 -11 12 -4 -1 -15 -16 -17 19 -19 20 22 -21 23 25 26 -18 -24 29 -29 -12
right_child=1 3 6 -5 -6 -7 7 -9 9 10 27 -13 -14 14 15 16 17 18 -20 21 -22 -23 24 -25 -26 -27 -28 28 -30 -31
leaf_value=-0.0016487042672399964 0.00036924425281124212 0.0018532078094318019 -0.0015622989220831257 0.0036969864405691625 0.0031343851206238962 0.0017638529523364491 0.0018424947762997043 -0.00084802626560513792 0.002965858401730657 -0.0016604237931350135 0.00025871147796430665 -0.0021233291202224793 0.00048080880731244438 0.00095510597851487908 -0.0027483870592814957 0.00060570596805995425 -0.00040744994580745703 0.001794347374316203 -0.0013422135298174842 -0.0025646131204814806 0.0026844202567008323 -0.00024521280346172198 -0.0014530670631717406 -0.0012663294588440167 -0.00025131569389486686 0.0020042080728506499 -0.0027988005076246018 -0.00022467764779734848 0.0017981432651420341 -0.0010327684420670541
leaf_weight=35 83 54 26 25 37 21 31 26 20 33 69 20 35 31 22 21 25 20 27 43 20 21 46 70 35 22 29 44 26 53
leaf_count=35 83 54 26 25 37 21 31 26 20 33 69 20 35 31 22 21 25 20 27 43 20 21 46 70 35 22 29 44 26 53
internal_value=0 0.00170981 -0.000442539 0.00265923 0.00237413 0.000650848 -6.96761e-05 0.00061524 -0.000189431 1.83815e-05 -0.000243616 -0.000818001 -0.000390024 -0.000748335 -0.000675388 -0.000801436 -0.000688421 -0.000764333 -7.50676e-06 -0.000878709 -0.000639072 -0.00180356 -0.00093189 -0.000467835 -0.00142548 0.000721411 -0.00197342 -1.02745e-07 0.000526656 -0.000302341
internal_weight=0 220 850 116 91 104 383 57 326 245 225 81 61 467 432 401 379 358 47 311 247 64 227 117 110 47 75 192 70 122
internal_count=1070 220 850 116 91 104 383 57 326 245 225 81 61 467 432 401 379 358 47 311 247 64 227 117 110 47 75 192 70 122
is_linear=0
shrinkage=0.1


Tree=28
num_leaves=31
num_cat=0
split_feature=4 2 0 0 2 6 2 7 2 2 3 6 2 3 1 0 2 2 3 2 5 2 2 2 2 2 1 6 2 2
split_gain=0.0655796 0.0184308 0.0080408 0.00656023 0.00498914 0.016298 0.00612812 0.0038297 0.00540256 0.0107551 0.00358435 0.0050891 0.00833368 0.0110248 0.00521112 0.0028902 0.00284728 0.00447579 0.0116567 0.00732647 0.00562825 0.00546101 0.0123977 0.0126519 0.0022925 0.0101814 0.00562058 0.0102091 0.00573198 0.00949757
threshold=1.0000000180025095e-35 0.33212267958030672 0.61956521739130443 0.88043478260869579 0.49650255582458974 1.0000000180025095e-35 0.38976324993274147 1.0000000180025095e-35 0.31248318536454128 0.37409200968522999 0.3000000000000001 1.0000000180025095e-35 0.36750067258541835 0.50000000000000011 1.0000000180025095e-35 0.38043478260869568 0.19592413236481029 0.38061608824320686 1.0000000180025095e-35 0.31510626849609902 1.0000000180025095e-35 0.44222491256389568 0.52044659671778326 0.62967446865751953 0.58662900188323919 0.55259617971482389 1.0000000180025095e-35 1.0000000180025095e-35 0.41955878396556362 0.36400322841000804
decision_type=2 2 2 2 2 2 2 2 2 2 2 2 2 2 2 2 2 2 2 2 2 2 2 2 2 2 2 2 2 2
left_child=2 -2 7 4 6 -6 -3 10 -9 -10 16 12 15 -14 -13 -12 -1 18 -18 -20 21 -19 -23 -24 25 26 27 -4 29 -28
right_child=1 3 24 -5 5 -7 -8 8 9 -11 11 14 13 -15 -16 -17 17 20 19 -21 -22 22 23 -25 -26 -27 28 -29 -30 -31
leaf_value=0.0001567684908342712 0.00037419226774502371 0.0025915440783137456 -5.5999363582857232e-06 0.0039308098563924435 0.0043508376383605152 0.00090743888385649949 0.00053980471314610669 -0.0019632818638049862 0.0012727789538489148 -0.0013120237219845876 0.00031785887743656835 -0.0021654869936173784 0.0028529317725611773 -0.00031618014354968353 8.9960059683237762e-05 -0.0011438426741909597 -0.0022552332888749493 0.0012223317679017783 0.00098578191313068741 -0.0015255269322854779 -0.0015988518664192771 -0.0021872114838549384 0.0021631963915475037 -0.0011911635879765859 -0.00064045624123846602 0.0020818508230149749 -0.00085983978629962593 0.0024540366581641141 -0.0014650682033970953 0.0015941381333201814
leaf_weight=34 84 24 108 20 28 27 37 47 22 60 24 20 23 21 21 31 58 25 26 21 31 27 23 22 47 24 46 20 45 24
leaf_count=34 84 24 108 20 28 27 37 47 22 60 24 20 23 21 21 31 58 25 26 21 31 27 23 22 47 24 46 20 45 24
internal_value=0 0.00153883 -0.000398285 0.00225816 0.00196978 0.00266044 0.00134705 -0.000633694 -0.00110848 -0.00061854 -0.000483208 -7.33817e-05 0.000314618 0.0013404 -0.00101026 -0.000506009 -0.000698098 -0.000822842 -0.00130675 -0.000136292 -0.000425882 -5.10154e-05 -0.00049315 0.000523287 3.55902e-06 0.000116925 -7.71417e-05 0.000378718 -0.000584534 -1.84759e-05
internal_weight=0 220 850 136 116 55 61 536 129 82 407 140 99 44 41 55 267 233 105 47 128 97 72 45 314 267 243 128 115 70
internal_count=1070 220 850 136 116 55 61 536 129 82 407 140 99 44 41 55 267 233 105 47 128 97 72 45 314 267 243 128 115 70
is_linear=0
shrinkage=0.1


Tree=29
num_leaves=31
num_cat=0
split_feature=4 2 0 0 0 2 3 2 2 0 0 0 0 2 0 2 2 2 2 2 3 2 2 2 2 2 0 2 2 5
split_gain=0.0531194 0.0155933 0.00695677 0.00541615 0.00382724 0.00488404 0.00365172 0.00322956 0.0078426 0.00713842 0.00476578 0.00364138 0.0052632 0.00321045 0.0104015 0.00612959 0.00772244 0.0128169 0.0153482 0.0132487 0.00569553 0.00497194 0.00292669 0.0050286 0.00617803 0.00922104 0.00736481 0.00499757 0.00479368 0.00559837
threshold=1.0000000180025095e-35 0.3832391713747646 0.31521739130434789 0.097826086956521799 0.33695652173913049 0.49858757062146897 0.70000000000000018 0.59779391982781815 0.54835889157923046 0.72826086956521752 0.8369565217391306 0.35869565217391308 0.40217391304347833 0.2210788270110304 0.141304347826087 0.33319881624966369 0.36750067258541835 0.40577078288942697 0.44013989776701645 0.48405972558514931 1.0000000180025095e-35 0.59779391982781815 0.23305084745762714 0.26789077212806023 0.29149852031207962 0.31510626849609902 0.46739130434782616 0.53309120258272802 0.3504842615012107 1.0000000180025095e-35
decision_type=2 2 2 2 2 2 2 2 2 2 2 2 2 2 2 2 2 2 2 2 2 2 2 2 2 2 2 2 2 2
left_child=2 -2 13 -3 -5 -6 7 8 11 -10 -9 -4 -13 14 -1 20 -17 -18 -19 -20 -15 -21 -14 -24 -25 -26 -27 28 -28 -30
right_child=1 3 6 4 5 -7 -8 10 9 -11 -12 12 22 15 -16 16 17 18 19 21 -22 -23 23 24 25 26 27 -29 29 -31
leaf_value=-0.00039752960560451216 0.00052760230858152856 0.00076407566223116153 0.00098459433919861525 0.0036608290544751544 0.003041361390337856 0.0013456459483131766 0.0010596232120102893 -0.0015918395310527069 -0.00011061866767704487 0.0025611639767885211 0.00026673912457640241 -0.0016851890057576107 -0.00083619548610248972 -0.0005579319030135486 -0.0031297825361517348 -0.0025038931095041337 0.0012468570191413167 -0.0033886344860429352 0.0012802013228165694 -0.0019183117377741092 0.0014082174309386084 -0.00024879127226692314 0.0011197637135703718 -0.0018721470973798119 0.0017370688654482368 0.0013784883223706857 -0.0014107867117590187 -0.0019740432919934394 0.00027724052643893161 -0.0010475145959803328
leaf_weight=38 108 21 23 23 33 35 24 37 20 20 22 26 63 34 22 25 30 23 29 44 26 30 31 21 25 24 33 20 116 44
leaf_count=38 108 21 23 23 33 35 24 37 20 20 22 26 63 34 22 25 30 23 29 44 26 30 31 21 25 24 33 20 116 44
internal_value=0 0.00138495 -0.000358457 0.00221167 0.00254573 0.00216857 -0.000146625 -0.000201768 -0.000113515 0.00122527 -0.00089881 -0.000239223 -0.000309069 -0.000744821 -0.00139936 -0.000581867 -0.000872231 -0.000610747 -0.00105303 -0.000531491 0.000294066 -0.00124148 -0.000214164 -8.93616e-05 -0.00022181 -8.9531e-05 -0.00028221 -0.000469331 -0.000313403 -8.70671e-05
internal_weight=0 220 850 112 91 68 549 525 466 40 59 426 403 301 60 241 181 156 126 103 60 74 377 314 283 262 237 213 193 160
internal_count=1070 220 850 112 91 68 549 525 466 40 59 426 403 301 60 241 181 156 126 103 60 74 377 314 283 262 237 213 193 160
is_linear=0
shrinkage=0.1


Tree=30
num_leaves=31
num_cat=0
split_feature=4 0 2 6 0 0 0 7 3 0 0 0 5 3 0 2 2 2 2 2 3 0 0 0 0 1 5 2 2 2
split_gain=0.0430268 0.0133144 0.0115999 0.0134273 0.00679677 0.0131773 0.00613208 0.00412606 0.00581125 0.00988367 0.00683345 0.00514361 0.0210932 0.0149954 0.00898191 0.00503625 0.00675331 0.00621548 0.00679572 0.0100525 0.00495571 0.00604296 0.00466781 0.0164038 0.00418719 0.00437983 0.0116712 0.00373264 0.00659805 0.00805792
threshold=1.0000000180025095e-35 0.85869565217391319 0.49650255582458974 1.0000000180025095e-35 0.59782608695652184 0.46739130434782616 0.77173913043478271 1.0000000180025095e-35 0.3000000000000001 0.66304347826086973 0.57608695652173936 0.33695652173913049 1.0000000180025095e-35 0.50000000000000011 0.18478260869565219 0.38061608824320686 0.31510626849609902 0.62967446865751953 0.52044659671778326 0.56086898036050592 1.0000000180025095e-35 0.20652173913043484 0.68478260869565233 0.59782608695652184 0.076086956521739177 1.0000000180025095e-35 1.0000000180025095e-35 0.29412160344363736 0.45796341135324187 0.58662900188323919
decision_type=2 2 2 2 2 2 2 2 2 2 2 2 2 2 2 2 2 2 2 2 2 2 2 2 2 2 2 2 2 2
left_child=6 2 4 -4 5 -2 7 8 15 10 11 14 13 -13 -10 16 24 18 20 -20 21 -17 23 -9 -1 -26 -27 -8 -29 -30
right_child=1 -3 3 -5 -6 -7 27 22 9 -11 -12 12 -14 -15 -16 17 -18 -19 19 -21 -22 -23 -24 -25 25 26 -28 28 29 -31
leaf_value=-0.0017938105145558006 0.00031387608358837216 0.0034191347081214195 0.0037910786526346649 0.00063732524005765171 -0.00079078928592934972 0.0030532809672877193 0.0010284301758141871 -0.0011185269548682631 0.0006186651832917158 0.0021299628554102543 -0.0016862415504874662 0.0038892238930037081 -0.0017939382211590697 0.0001058670663041994 -0.0017769445448407328 -0.00068199864743898313 -0.0019000176965234391 -0.0014184237457811834 0.0027299815722342051 -0.00040261224145069722 -0.00128032769575449 0.0014724597172892614 -0.0021838615847324643 0.0019055412921477996 0.0004293552584385907 -0.0025698774900361474 0.00072600638405198147 -0.00075877602262746377 0.0015149906094718193 -0.00057315329155023921
leaf_weight=21 87 25 27 27 32 22 41 123 34 22 24 22 21 20 29 30 52 32 21 20 35 23 24 21 48 22 21 69 42 33
leaf_count=21 87 25 27 27 32 22 41 123 34 22 24 22 21 20 29 30 52 32 21 20 35 23 24 21 48 22 21 69 42 33
internal_value=0 0.00124645 0.000967903 0.0022142 0.000490597 0.000866783 -0.000322611 -0.000464278 -0.000319457 0.000150582 -0.000139727 0.000154848 0.000793771 0.00208763 -0.000484076 -0.000568216 -0.00095825 -0.000170913 0.000138547 0.00120189 -0.000356873 0.000252955 -0.000892709 -0.000677517 -0.000521001 -0.000227276 -0.00096026 0.000186625 -5.30555e-05 0.000596207
internal_weight=0 220 195 54 141 109 850 665 497 172 150 126 63 42 63 325 164 161 129 41 88 53 168 144 112 91 43 185 144 75
internal_count=1070 220 195 54 141 109 850 665 497 172 150 126 63 42 63 325 164 161 129 41 88 53 168 144 112 91 43 185 144 75
is_linear=0
shrinkage=0.1


Tree=31
num_leaves=31
num_cat=0
split_feature=4 2 0 0 2 2 6 2 2 2 2 2 2 2 2 2 2 1 2 2 2 6 2 2 0 2 0 0 0 0
split_gain=0.0348517 0.011233 0.00504097 0.00462016 0.00481753 0.00945574 0.0101652 0.00318226 0.00595676 0.0109785 0.00793433 0.0117655 0.0145338 0.00429799 0.0252962 0.00921299 0.0130203 0.00741832 0.00688482 0.00381706 0.00494845 0.00317865 0.0219571 0.00647738 0.00470082 0.00714231 0.0029858 0.00875263 0.00787787 0.00848621
threshold=1.0000000180025095e-35 0.33212267958030672 0.72826086956521752 0.11956521739130439 0.38976324993274147 0.45137207425343023 1.0000000180025095e-35 0.68926553672316382 0.59503631961259085 0.56086898036050592 0.52044659671778326 0.48944040893193436 0.46751412429378525 0.37288135593220334 0.36225450632230288 0.33319881624966369 0.31248318536454128 1.0000000180025095e-35 0.4002555824589723 0.40422383642722626 0.44013989776701645 1.0000000180025095e-35 0.47578692493946728 0.5575733118106001 0.77173913043478271 0.29412160344363736 0.097826086956521799 0.1630434782608696 0.27173913043478271 0.35869565217391308
decision_type=2 2 2 2 2 2 2 2 2 2 2 2 2 2 2 2 2 2 2 2 2 2 2 2 2 2 2 2 2 2
left_child=2 -2 7 -3 -5 -6 -7 8 9 10 11 12 13 14 15 16 26 19 -19 -15 -21 23 -23 24 -4 -26 -1 -28 -29 -30
right_child=1 3 21 4 5 6 -8 -9 -10 -11 -12 -13 -14 17 -16 -17 -18 18 -20 20 -22 22 -24 -25 25 -27 27 28 29 -31
leaf_value=-0.0013479239375042001 0.00021259174692594182 0.00061069363427738999 -0.0016668024016932275 0.0033964860322885219 -0.00022991598059888933 0.0033444441200510878 0.00081901537320975745 -0.0016457924087132727 0.00080179462794405525 -0.0024437311579714772 0.0010567629321788748 -0.0024720421793712638 0.0017308196402154863 0.00083829650490467123 0.0029600290475751867 -0.0019660589850536781 0.0013738511203739206 -0.0032679124424854914 -0.0010220663033975051 -0.0016664826647481987 0.00040884424233809117 0.0029482302507385615 -0.0011291058904524627 0.0011648953179687713 0.0010610398184508086 -0.00065836133886851039 0.0013744917293281658 -0.0022327602924113827 0.0013119220462006829 -0.00079043397472275964
leaf_weight=46 84 31 24 20 20 37 28 21 39 27 36 28 31 21 22 40 38 21 39 27 20 25 28 33 35 78 23 28 24 96
leaf_count=46 84 31 24 20 20 37 28 21 39 27 36 28 31 21 22 40 38 21 39 27 20 25 28 33 35 78 23 28 24 96
internal_value=0 0.00112181 -0.00029035 0.00168338 0.00200008 0.00167151 0.00225657 -0.000435583 -0.000393645 -0.000475871 -0.000377478 -0.000479924 -0.000362741 -0.000508584 -0.000311102 -0.000555051 -0.000333716 -0.000997661 -0.00180811 -0.000282558 -0.000783365 0.000117997 0.000794166 -9.28088e-05 -0.000395759 -0.000125803 -0.000632737 -0.000440348 -0.000722384 -0.000369963
internal_weight=0 220 850 136 105 85 65 627 606 567 540 504 476 445 317 295 255 128 60 68 47 223 53 170 137 113 217 171 148 120
internal_count=1070 220 850 136 105 85 65 627 606 567 540 504 476 445 317 295 255 128 60 68 47 223 53 170 137 113 217 171 148 120
is_linear=0
shrinkage=0.1


Tree=32
num_leaves=31
num_cat=0
split_feature=4 0 2 3 2 2 0 5 2 2 0 0 3 3 0 2 1 2 0 0 0 2 2 2 3 1 5 5 1 1
split_gain=0.0282299 0.0103483 0.00883909 0.00461628 0.00385811 0.00362587 0.00317682 0.00274243 0.00291636 0.00387181 0.00221181 0.00249326 0.00201323 0.00371379 0.0045783 0.0113486 0.00421839 0.00302338 0.00407068 0.00405144 0.00467193 0.00403846 0.00331299 0.00270895 0.00240197 0.00948054 0.00432384 0.00200716 0.0244517 0.00979671
threshold=1.0000000180025095e-35 0.88043478260869579 0.37563895614743076 0.70000000000000018 0.59375840731772944 0.72679580306698943 0.61956521739130443 1.0000000180025095e-35 0.17507398439601832 0.27972827549098739 0.59782608695652184 0.20652173913043484 0.50000000000000011 0.3000000000000001 0.1630434782608696 0.46751412429378525 1.0000000180025095e-35 0.59779391982781815 0.032608695652173954 0.141304347826087 0.20652173913043484 0.32492601560398171 0.38586225450632228 0.23856604788808181 1.0000000180025095e-35 1.0000000180025095e-35 1.0000000180025095e-35 1.0000000180025095e-35 1.0000000180025095e-35 1.0000000180025095e-35
decision_type=2 2 2 2 2 2 2 2 2 2 2 2 2 2 2 2 2 2 2 2 2 2 2 2 2 2 2 2 2 2
left_child=3 2 7 5 10 6 12 8 -2 -10 11 -4 13 17 -15 16 -16 18 22 21 -21 -20 -1 -22 25 -25 -26 29 -29 -8
right_child=1 -3 4 -5 -6 -7 27 -9 9 -11 -12 -13 -14 14 15 -17 -18 -19 19 20 23 -23 -24 24 26 -27 -28 28 -30 -31
leaf_value=-0.00070185447969108928 -0.00062204327376093717 0.0029695789162966931 0.00075573986135262612 0.00088035905526553785 0.0025641080037609714 -0.0016387341733206996 0.00049387103765741462 -0.00081648508831858643 0.0016571305944195888 -8.5822283988818524e-05 0.00018333880929276349 0.0020786881336139879 -0.00099892242155461149 0.0015307618584483864 -0.0018661437444209767 0.0016654205375137583 -0.00013894102303311229 0.00044633271871134643 0.0011409126633601585 -0.0017956002693002423 0.00049821154501002575 -0.00048837913491297515 -0.0021587136132573642 -0.0011854215754595187 -0.0014425879002374132 0.0013950720235394935 0.0002399951191840782 -0.0012393578734190671 0.0024081859999569135 -0.00084392138435052599
leaf_weight=37 20 24 29 34 23 20 111 25 26 25 20 28 55 20 26 24 31 30 29 30 26 32 27 35 56 24 21 40 34 108
leaf_count=37 20 24 29 34 23 20 111 25 26 25 20 28 55 20 26 24 31 30 29 30 26 32 27 35 56 24 21 40 34 108
internal_value=0 0.00100963 0.000769632 -0.000261315 0.00142761 -0.000308885 -0.000275471 8.4238e-05 0.000401394 0.000802742 0.00108814 0.00140561 -0.000427943 -0.000357845 0.000175826 -0.000158726 -0.000926788 -0.000513179 -0.000603985 -0.000423752 -0.00064931 0.000286202 -0.00131647 -0.000437034 -0.000615831 -0.000135729 -0.000983702 -1.37195e-05 0.000436541 -0.000165862
internal_weight=0 220 196 850 100 816 796 96 71 51 77 57 503 448 101 81 57 347 317 253 192 61 64 162 136 59 77 293 74 219
internal_count=1070 220 196 850 100 816 796 96 71 51 77 57 503 448 101 81 57 347 317 253 192 61 64 162 136 59 77 293 74 219
is_linear=0
shrinkage=0.1


Tree=33
num_leaves=31
num_cat=0
split_feature=4 0 2 0 3 3 6 5 1 2 2 2 2 6 2 2 2 7 7 0 3 2 2 2 0 2 2 2 5 1
split_gain=0.0228662 0.00848026 0.00678477 0.00384315 0.00639982 0.00344641 0.00674507 0.00218444 0.00360602 0.00476927 0.00469893 0.00191118 0.0101269 0.0066838 0.00847642 0.012978 0.00685123 0.0203899 0.00657817 0.00846673 0.00586016 0.00534615 0.0187865 0.0100041 0.00951349 0.0109719 0.00908676 0.0063223 0.00374205 0.00345457
threshold=1.0000000180025095e-35 0.8369565217391306 0.3832391713747646 0.097826086956521799 0.70000000000000018 1.0000000180025095e-35 1.0000000180025095e-35 1.0000000180025095e-35 1.0000000180025095e-35 0.40422383642722626 0.38586225450632228 0.24562819478073714 0.21885929513048155 1.0000000180025095e-35 0.41209308582189941 0.46845574387947264 0.55535377993005131 1.0000000180025095e-35 1.0000000180025095e-35 0.35869565217391308 0.50000000000000011 0.37839655636265807 0.36225450632230288 0.33595641646489105 0.57608695652173936 0.29149852031207962 0.43462469733656173 0.50773473231100352 1.0000000180025095e-35 1.0000000180025095e-35
decision_type=2 2 2 2 2 2 2 2 2 2 2 2 2 2 2 2 2 2 2 2 2 2 2 2 2 2 2 2 2 2
left_child=3 2 -2 7 11 -4 -7 8 10 -10 -1 12 18 16 -15 -16 20 -18 19 -5 21 22 23 24 -13 -26 29 28 -28 -23
right_child=1 -3 5 4 -6 6 -8 -9 9 -11 -12 13 -14 14 15 -17 17 -19 -20 -21 -22 26 -24 -25 25 -27 27 -29 -30 -31
leaf_value=-0.00035653708064706908 8.937478646379421e-05 0.0025344545528891366 0.00059009799971557566 0.0015403825324028732 0.0012629023786669882 0.0026893433458595115 0.00036200743590597995 3.0953163513913753e-05 -0.0010908354988879926 0.00086617039516568195 -0.0022816349337972499 -0.00050402710977424351 0.0017840934098409169 -0.0019522288791752847 0.0018743017666219249 -0.00091894994475296701 0.0027204564149161023 -0.00082558644516051143 -0.0019135023062560885 -0.00071727727788485304 -0.0012787551023696628 -0.00065156149257046103 0.003191621244186536 -0.0017371415465684801 -0.00014544989292820295 0.0030501568827524107 0.001183892951909608 -0.0012392411724879192 -0.00030855765965368069 -0.0022145905797632654
leaf_weight=21 98 28 41 26 31 33 20 30 33 20 32 54 29 48 21 80 31 34 21 46 48 26 20 29 21 22 42 26 28 31
leaf_count=21 98 28 41 26 31 33 20 30 33 20 32 54 29 48 21 80 31 34 21 46 48 26 20 29 21 22 42 26 28 31
internal_value=0 0.000908663 0.000671569 -0.000235183 -0.000142382 0.00127854 0.0018111 -0.000722391 -0.000935602 -0.000352343 -0.00151886 -0.000206165 0.000152544 -0.000284173 -0.000858139 -0.000338175 -7.65982e-05 0.000865603 -0.000356219 9.79888e-05 -0.000253091 -8.84362e-05 0.000344431 -0.000107504 0.000379707 0.00148951 -0.000501499 9.23294e-05 0.000586913 -0.00150163
internal_weight=0 220 192 850 714 94 53 136 106 53 53 683 122 561 149 101 412 65 93 72 347 299 146 126 97 43 153 96 70 57
internal_count=1070 220 192 850 714 94 53 136 106 53 53 683 122 561 149 101 412 65 93 72 347 299 146 126 97 43 153 96 70 57
is_linear=0
shrinkage=0.1


Tree=34
num_leaves=31
num_cat=0
split_feature=4 0 2 3 0 6 2 0 6 2 2 2 2 2 2 2 2 2 2 2 2 2 2 2 2 2 2 0 2 2
split_gain=0.0185216 0.00690821 0.00634618 0.00869992 0.00695773 0.00582387 0.00485221 0.00325272 0.00298887 0.0169914 0.00515768 0.00717981 0.00279863 0.00503982 0.00271557 0.00235224 0.00412931 0.0091257 0.00655767 0.00977318 0.0128654 0.00285172 0.00662358 0.00831845 0.0191683 0.00606771 0.011199 0.00577623 0.00362005 0.00235875
threshold=1.0000000180025095e-35 0.88043478260869579 0.59375840731772944 0.50000000000000011 0.59782608695652184 1.0000000180025095e-35 0.33595641646489105 0.72826086956521752 1.0000000180025095e-35 0.47578692493946728 0.49858757062146897 0.58662900188323919 0.38115415657788537 0.25477535647027172 0.19592413236481029 0.68926553672316382 0.59503631961259085 0.56086898036050592 0.52044659671778326 0.48809523809523808 0.46751412429378525 0.40577078288942697 0.39238633306429921 0.37288135593220334 0.36225450632230288 0.33319881624966369 0.31248318536454128 0.33695652173913049 0.43462469733656173 0.26318267419962332
decision_type=2 2 2 2 2 2 2 2 2 2 2 2 2 2 2 2 2 2 2 2 2 2 2 2 2 2 2 2 2 2
left_child=7 2 3 4 5 6 14 15 10 -10 12 -12 13 -9 -2 16 17 18 19 20 21 22 23 24 25 26 29 28 -23 -1
right_child=1 -3 -4 -5 -6 -7 -8 8 9 -11 11 -13 -14 -15 -16 -17 -18 -19 -20 -21 -22 27 -24 -25 -26 -27 -28 -29 -30 -31
leaf_value=-0.00031487083767369649 0.00022757119641894299 0.0024191755803258277 0.002182293843235011 0.0020279955759178849 -0.0012257671064411801 0.001778782516451499 0.00087036273907870054 -0.001017931607105614 0.0026669214002322406 -0.00091984883183613428 0.002064641166235442 -0.00049282180677567215 -0.00097577384126802484 0.00066294742700847566 -0.0013013431551651313 -0.0013688067836310006 0.00070304618157257591 -0.0021548742040370899 0.0010328670032322407 -0.002114536753312374 0.0017874344246028443 -0.0026137524236797948 0.0014111339389769868 -0.0019697364330446966 0.0026199394964020362 -0.001584995723096654 0.0013233630556466157 2.4771986714125994e-05 -0.00075485499575734139 -0.0010256310448098435
leaf_weight=149 21 24 23 28 31 26 41 30 25 28 23 21 52 44 26 21 39 27 36 30 29 22 22 30 22 40 38 34 20 68
leaf_count=149 21 24 23 28 31 26 41 30 25 28 23 21 52 44 26 21 39 27 36 30 29 22 22 30 22 40 38 34 20 68
internal_value=0 0.000817797 0.00062171 0.000414233 0.00010261 0.000463836 7.53289e-05 -0.000211665 0.000116351 0.000772024 -8.80648e-05 0.000844034 -0.00041356 -1.849e-05 -0.000618211 -0.000328328 -0.000292272 -0.000360733 -0.000271026 -0.000364161 -0.000253378 -0.000386374 -0.000271488 -0.000378168 -0.000227546 -0.000439901 -0.000260278 -0.000944176 -0.00172856 -0.000537598
internal_weight=0 220 196 173 145 114 88 850 223 53 170 44 126 74 47 627 606 567 540 504 474 445 369 347 317 295 255 76 42 217
internal_count=1070 220 196 173 145 114 88 850 223 53 170 44 126 74 47 627 606 567 540 504 474 445 369 347 317 295 255 76 42 217
is_linear=0
shrinkage=0.1


Tree=35
num_leaves=31
num_cat=0
split_feature=4 0 2 0 2 2 0 3 2 5 1 5 2 2 0 2 0 2 2 0 1 6 2 2 2 2 2 7 0 2
split_gain=0.0150025 0.00578648 0.00467626 0.00288122 0.00696756 0.00498366 0.00272674 0.00476053 0.00204819 0.00664495 0.00336261 0.00197968 0.00243079 0.00303136 0.00195235 0.0196797 0.00563934 0.00333711 0.00295155 0.00283684 0.00367569 0.00223648 0.00613989 0.0127481 0.00331947 0.00711882 0.0188441 0.00692455 0.00702575 0.005314
threshold=1.0000000180025095e-35 0.8369565217391306 0.37563895614743076 0.35869565217391308 0.52347323110034982 0.49858757062146897 0.097826086956521799 0.70000000000000018 0.28887543718052189 1.0000000180025095e-35 1.0000000180025095e-35 1.0000000180025095e-35 0.17507398439601832 0.27972827549098739 0.1630434782608696 0.33595641646489105 0.20652173913043484 0.14601829432337901 0.24300511164917946 0.44565217391304357 1.0000000180025095e-35 1.0000000180025095e-35 0.41209308582189941 0.48944040893193436 0.46751412429378525 0.37839655636265807 0.3583535108958838 1.0000000180025095e-35 0.77173913043478271 0.55535377993005131
decision_type=2 2 2 2 2 2 2 2 2 2 2 2 2 2 2 2 2 2 2 2 2 2 2 2 2 2 2 2 2 2
left_child=6 2 11 4 -4 -5 8 14 -1 10 -10 12 -2 -14 15 -8 -16 -18 19 -19 -21 24 -23 -24 25 26 -20 29 -29 -26
right_child=1 -3 3 5 -6 -7 7 -9 9 -11 -12 -13 13 -15 16 -17 17 18 21 20 -22 22 23 -25 27 -27 -28 28 -30 -31
leaf_value=-0.0011716037778844409 -0.0006165371534734732 0.0020789905095495802 0.00051435842491358655 0.0015313697714494387 0.0029430340953348652 -0.00046695873338299302 0.0023741571679711344 0.0010996847686680754 -0.0013790440995518755 0.0012779166748805438 -1.1212596291443333e-05 -0.00072614547819830483 0.0014314681327400299 -0.00014456713637944472 -0.0014861810693136332 -0.0017267165451564572 -0.0013249867724801374 0.0015165988961234689 -0.0002659769176615454 0.00097713776660384626 -0.00072109685010778219 -0.0014836788931602821 0.0019218831924566377 -0.00076408284397469148 0.00029679033851121055 -0.00089598116182269924 0.0030382075416855517 -0.0014634273728475937 0.00094057921785861253 0.0020484260122837694
leaf_weight=43 20 28 27 24 21 26 25 31 41 20 32 25 26 23 33 22 23 20 126 25 26 45 24 67 43 104 20 31 20 29
leaf_count=43 20 28 27 24 21 26 25 31 41 20 32 25 26 23 33 22 23 20 126 25 26 45 24 67 43 104 20 31 20 29
internal_value=0 0.000736017 0.000540167 0.0010235 0.0015769 0.000492239 -0.000190499 -0.00011233 -0.000600884 -0.000337003 -0.000779447 3.62633e-05 0.000312498 0.000691696 -0.000167341 0.000454599 -0.000213302 -0.000143642 -9.67954e-05 0.00050721 0.000111371 -0.000181048 -0.00052819 -5.56962e-05 -5.44754e-05 -0.000263724 0.000186651 0.000370827 -0.00052068 0.00100231
internal_weight=0 220 192 98 48 50 850 714 136 93 73 94 69 49 683 47 636 603 580 71 51 509 136 91 373 250 146 123 51 72
internal_count=1070 220 192 98 48 50 850 714 136 93 73 94 69 49 683 47 636 603 580 71 51 509 136 91 373 250 146 123 51 72
is_linear=0
shrinkage=0.1


Tree=36
num_leaves=31
num_cat=0
split_feature=4 0 2 6 2 0 2 2 2 2 2 3 0 3 2 2 0 2 1 2 2 2 2 2 2 2 6 2 6 3
split_gain=0.012152 0.0048033 0.00369148 0.00856203 0.00253764 0.00266535 0.00812636 0.00474601 0.00693384 0.00590598 0.00570834 0.0277775 0.00649506 0.00874703 0.00652847 0.00471806 0.00885952 0.00362528 0.00565401 0.002497 0.00647693 0.00600654 0.0153517 0.00391408 0.00356157 0.00868853 0.00412436 0.00286129 0.00246987 0.00253147
threshold=1.0000000180025095e-35 0.032608695652173954 0.49650255582458974 1.0000000180025095e-35 0.72276029055690083 0.92391304347826098 0.47578692493946728 0.58400591875168151 0.56086898036050592 0.62469733656174342 0.50645682001614212 1.0000000180025095e-35 0.815217391304348 1.0000000180025095e-35 0.48809523809523808 0.46751412429378525 0.66304347826086973 0.29149852031207962 1.0000000180025095e-35 0.40577078288942697 0.39238633306429921 0.37288135593220334 0.36225450632230288 0.44013989776701645 0.33319881624966369 0.31248318536454128 1.0000000180025095e-35 0.28504170029593762 1.0000000180025095e-35 0.50000000000000011
decision_type=2 2 2 2 2 2 2 2 2 2 2 2 2 2 2 2 2 2 2 2 2 2 2 2 2 2 2 2 2 2
left_child=4 -2 28 -4 5 7 -7 8 10 -9 12 -12 14 -14 15 16 19 -18 -19 20 21 22 24 -21 25 26 27 -1 29 -3
right_child=1 2 3 -5 -6 6 -8 9 -10 -11 11 -13 13 -15 -16 -17 17 18 -20 23 -22 -23 -24 -25 -26 -27 -28 -29 -30 -31
leaf_value=-0.00060491678260904608 -0.00058685190764393798 6.4505652450706533e-05 0.0027522382430366374 0.00023212834225537686 -0.0012570568404736975 0.0015592195824865485 -0.00090506254877571182 0.001787317782873288 -0.0017844911395764815 -0.00010582007144370843 -0.0017102170189341103 0.0026602646678149928 -0.00037541699040537848 -0.002869159678150688 -0.001961406637565233 0.0010370069335101906 -0.00019136223418172451 0.0021153661686306199 0.00018960736436589111 -0.0016027638304363699 0.0014139000426179596 -0.0018262585086092629 0.0022730938635173847 -5.3087253763806079e-05 -0.0013577277382585008 0.0011272093700245023 0.00047735248705477369 -0.0017650955732678995 0.0012912215803018107 0.0012725551909005101
leaf_weight=142 27 82 28 26 21 32 23 26 29 45 26 33 39 22 20 33 31 30 31 39 21 27 22 28 39 35 31 25 35 22
leaf_count=142 27 82 28 26 21 32 23 26 29 45 26 33 39 22 20 33 31 30 31 39 21 27 22 28 39 35 31 25 35 22
internal_value=0 0.000662416 0.000837184 0.00153885 -0.000171449 -0.000143948 0.000528702 -0.000191747 -0.000270441 0.000587442 -0.000205297 0.00073429 -0.000295436 -0.0012748 -0.0001876 -0.000121165 -0.000197452 0.000689202 0.0011367 -0.000396895 -0.000287531 -0.00039884 -0.00026775 -0.000955138 -0.00047326 -0.000325216 -0.000581958 -0.000778596 0.000564593 0.000320055
internal_weight=0 220 193 54 850 829 55 774 703 71 674 59 615 61 554 534 501 92 61 409 342 321 294 67 272 233 198 167 139 104
internal_count=1070 220 193 54 850 829 55 774 703 71 674 59 615 61 554 534 501 92 61 409 342 321 294 67 272 233 198 167 139 104
is_linear=0
shrinkage=0.1


Tree=37
num_leaves=31
num_cat=0
split_feature=4 0 2 3 0 0 1 0 2 0 2 2 2 2 2 3 0 2 0 0 2 1 5 1 0 0 0 2 2 2
split_gain=0.00984314 0.00445856 0.00400514 0.00614378 0.00700974 0.00461926 0.00484717 0.00424444 0.00205549 0.00215894 0.00660262 0.00384427 0.00561641 0.00478384 0.00462376 0.0224998 0.00540688 0.0053437 0.00312233 0.00912335 0.00698657 0.0056943 0.00394704 0.00844493 0.00593795 0.00481753 0.00513668 0.00434687 0.0123525 0.00947207
threshold=1.0000000180025095e-35 0.8369565217391306 0.59375840731772944 0.50000000000000011 0.59782608695652184 0.46739130434782616 1.0000000180025095e-35 0.22826086956521749 0.72276029055690083 0.92391304347826098 0.47107882701103038 0.58400591875168151 0.56086898036050592 0.62469733656174342 0.50645682001614212 1.0000000180025095e-35 0.88043478260869579 0.48944040893193436 0.054347826086956548 0.11956521739130439 0.40772128060263657 1.0000000180025095e-35 1.0000000180025095e-35 1.0000000180025095e-35 0.42391304347826098 0.33695652173913049 0.61956521739130443 0.19451170298627921 0.24300511164917946 0.29149852031207962
decision_type=2 2 2 2 2 2 2 2 2 2 2 2 2 2 2 2 2 2 2 2 2 2 2 2 2 2 2 2 2 2
left_child=8 2 3 4 5 6 -2 -8 9 11 -11 12 14 -13 16 -16 17 18 20 -20 21 -1 27 24 -24 -25 -27 -21 -29 -30
right_child=1 -3 -4 -5 -6 -7 7 -9 -10 10 -12 13 -14 -15 15 -17 -18 -19 19 22 -22 -23 23 25 -26 26 -28 28 29 -31
leaf_value=0.0011212455374853953 0.00087609704477915494 0.0017750209496755686 0.0016938718115480614 0.0016137682296435481 -0.0014246794657083229 0.0016429278199211696 0.00022138255299068989 -0.0015764270724806313 -0.0011313511513262279 0.0014398860442827667 -0.00076940578340630361 0.0016085860185110227 -0.0016060420193564917 -9.5238059552179443e-05 -0.0015391953388573781 0.0023942381707125937 -0.001770186440958439 -0.0018141801248566479 0.0014721110597343391 -0.00092709142845706085 -0.0023539701953995975 -0.00098520109357636866 -0.002846439807167785 0.0013476567577093929 -0.0007498646308626381 -0.0013129297050783924 0.00077024230384267875 0.001930607458437889 -0.0014333562420109627 0.00017830205308175056
leaf_weight=21 39 28 22 28 28 22 29 24 21 31 24 26 29 45 26 33 23 20 36 44 20 33 22 21 35 29 20 34 44 213
leaf_count=21 39 28 22 28 28 22 29 24 21 31 24 26 29 45 26 33 23 20 36 44 20 33 22 21 35 29 20 34 44 213
internal_value=0 0.000596174 0.000424259 0.000259956 -6.99284e-06 0.000341211 2.99308e-05 -0.00059272 -0.000154304 -0.000129554 0.000475831 -0.000172572 -0.000243397 0.000528698 -0.000184767 0.000660861 -0.000265892 -0.000207448 -0.000151269 -6.12068e-05 -0.000757363 -0.000166027 -0.000180686 -0.000655404 -0.00155907 8.04382e-05 -0.000462655 -7.18527e-07 0.000139352 -9.76239e-05
internal_weight=0 220 192 170 142 114 92 53 850 829 55 774 703 71 674 59 615 592 572 498 74 54 462 127 57 70 49 335 291 257
internal_count=1070 220 192 170 142 114 92 53 850 829 55 774 703 71 674 59 615 592 572 498 74 54 462 127 57 70 49 335 291 257
is_linear=0
shrinkage=0.1


Tree=38
num_leaves=31
num_cat=0
split_feature=4 2 0 0 2 0 6 2 2 0 2 6 2 0 0 0 2 2 2 5 0 0 2 7 2 0 0 2 2 1
split_gain=0.00797294 0.0041233 0.00304793 0.00348443 0.00541201 0.00194563 0.0027172 0.0132296 0.00467976 0.00368338 0.00732914 0.00242661 0.00482865 0.00736061 0.0115882 0.00459851 0.00813328 0.016015 0.0088589 0.00427387 0.00952146 0.0181783 0.00658329 0.015569 0.00555498 0.00527907 0.0082123 0.00523208 0.00415985 0.00392123
threshold=1.0000000180025095e-35 0.3832391713747646 0.097826086956521799 0.33695652173913049 0.49858757062146897 0.72826086956521752 1.0000000180025095e-35 0.47578692493946728 0.5575733118106001 0.77173913043478271 0.29412160344363736 1.0000000180025095e-35 0.21885929513048155 0.31521739130434789 0.11956521739130439 0.59782608695652184 0.61770244821092279 0.48130212536992201 0.27145547484530536 1.0000000180025095e-35 0.097826086956521799 0.1630434782608696 0.36400322841000804 1.0000000180025095e-35 0.38586225450632228 0.57608695652173936 0.076086956521739177 0.31329028786655905 0.45534032822168408 1.0000000180025095e-35
decision_type=2 2 2 2 2 2 2 2 2 2 2 2 2 2 2 2 2 2 2 2 2 2 2 2 2 2 2 2 2 2
left_child=5 -2 -3 -4 -5 11 8 -8 9 -7 -11 12 13 14 -1 16 17 18 -13 20 24 -22 27 -24 -14 26 -21 -23 -25 -28
right_child=1 2 3 4 -6 6 7 -9 -10 10 -12 15 19 -15 -16 -17 -18 -19 -20 25 21 22 23 28 -26 -27 29 -29 -30 -31
leaf_value=-0.00028180330582135534 9.5688887032102456e-05 -0.00012425694107410631 0.0022762659269020612 0.0017711614341048216 -1.3856625383985895e-05 -0.0014627066208049656 0.002412010716274381 -0.00075290270511426836 0.00098894291917200785 0.0011036355028045365 -0.0006381082546095758 0.00095026023707098575 0.0001643477093792804 0.00021236893531749955 -0.0034576594457030301 -0.001809616099111736 -0.0020964191528037193 0.0018236507221659208 -0.0014009698880253212 0.0009686406855259768 0.0034478202741593123 0.00011143402056768538 0.0022428134111091929 0.00060246582761465113 -0.0019691326028595749 0.00087521969375666236 -0.0020281046248034249 -0.0017109904250980396 -0.00099769452918377333 -0.00061828023327565316
leaf_weight=27 108 21 23 33 35 24 25 28 33 35 78 22 23 40 20 25 22 34 59 22 20 50 43 32 26 25 34 23 33 47
leaf_count=27 108 21 23 33 35 24 25 28 33 35 78 22 23 40 20 25 22 34 59 22 20 50 43 32 26 25 34 23 33 47
internal_value=0 0.000536557 0.000961679 0.00121228 0.000852402 -0.000138873 0.000114816 0.000739981 -8.00885e-05 -0.000337592 -9.86301e-05 -0.000229101 -0.000112984 -0.00078468 -0.00163323 -0.000562401 -0.000334807 2.19675e-06 -0.000762364 4.1613e-05 0.000282215 0.000586922 0.0002708 0.000766629 -0.000967703 -0.000428314 -0.000744705 -0.000462755 -0.000209923 -0.00121006
internal_weight=0 220 112 91 68 850 223 53 170 137 113 627 465 87 47 162 137 115 81 378 250 201 181 108 49 128 103 73 65 81
internal_count=1070 220 112 91 68 850 223 53 170 137 113 627 465 87 47 162 137 115 81 378 250 201 181 108 49 128 103 73 65 81
is_linear=0
shrinkage=0.1


Tree=39
num_leaves=31
num_cat=0
split_feature=4 0 0 0 1 2 0 2 2 2 2 1 0 2 2 1 3 2 2 2 2 2 0 0 0 2 7 2 1 3
split_gain=0.00645808 0.0036872 0.00582975 0.00835206 0.00639497 0.0051911 0.00369942 0.00363017 0.00179807 0.00698508 0.00370152 0.0134872 0.00468303 0.00365023 0.00499734 0.0100946 0.0049159 0.00327636 0.00893013 0.00866723 0.00301107 0.00256764 0.00375089 0.00259652 0.00731158 0.0032652 0.0047674 0.00698263 0.0141853 0.00586274
threshold=1.0000000180025095e-35 0.72826086956521752 0.59782608695652184 0.51086956521739146 1.0000000180025095e-35 0.37563895614743076 0.22826086956521749 0.43462469733656173 0.23305084745762714 0.25874361043852573 0.19592413236481029 1.0000000180025095e-35 0.1630434782608696 0.29149852031207962 0.31510626849609902 1.0000000180025095e-35 0.70000000000000018 0.37012375571697609 0.38115415657788537 0.39110842076943775 0.33319881624966369 0.40577078288942697 0.032608695652173954 0.90217391304347838 0.8369565217391306 0.61770244821092279 1.0000000180025095e-35 0.52044659671778326 1.0000000180025095e-35 1.0000000180025095e-35
decision_type=2 2 2 2 2 2 2 2 2 2 2 2 2 2 2 2 2 2 2 2 2 2 2 2 2 2 2 2 2 2
left_child=8 2 3 4 5 -2 -6 -3 10 -10 12 -12 -1 -11 15 -15 17 20 -19 -20 -16 -21 -23 24 25 26 27 29 -29 -24
right_child=1 7 -4 -5 6 -7 -8 -9 9 13 11 -13 -14 14 16 -17 -18 18 19 21 -22 22 23 -25 -26 -27 -28 28 -30 -31
leaf_value=0.00096167483561051387 0.00019211135222576561 0.00043375453046199102 -0.001073803634951926 0.0023220484959892928 0.00026595614252026932 0.0021749247088218514 -0.0011611503035323146 0.0022522664251959043 0.0012983343415220994 -0.00089699633913768229 0.0004891939371680984 -0.0027317964812167564 -0.00054878126507481705 0.0026139317499473693 9.2145444391967933e-06 -0.00052521699828849669 0.0012340870085172356 0.0016123785039185191 -0.0022336412034928799 0.00084136401505761405 -0.0011372397657916217 -0.0011098359115605586 0.00098452035144873666 -0.00079553067390363485 0.0015816045060221638 -0.00086389422419112327 -0.00075276607991492557 -0.00034148358541575299 0.0029310790821909906 -0.00063881597342926454
leaf_weight=30 31 23 27 22 39 23 34 21 36 57 26 26 65 20 36 21 25 29 20 27 63 38 32 42 28 48 55 27 26 73
leaf_count=30 31 23 27 22 39 23 34 21 36 57 26 26 65 20 36 21 25 29 20 27 63 38 32 42 28 48 55 27 26 73
internal_value=0 0.000482901 0.000278206 0.000523201 0.00021159 0.00103664 -0.000398724 0.00130168 -0.000124986 -5.8478e-05 -0.000443049 -0.0011213 -7.17951e-05 -0.000131709 -6.01988e-05 0.00100608 -0.00013703 -0.000200041 -8.42879e-05 -0.000202565 -0.000720347 -9.99855e-05 -0.000168865 -6.08379e-05 4.59341e-05 -0.000118812 4.90937e-05 0.000328222 0.00126392 -0.000144085
internal_weight=0 220 176 149 127 54 73 44 850 703 147 52 95 667 610 41 569 544 445 416 99 396 369 331 289 261 213 158 53 105
internal_count=1070 220 176 149 127 54 73 44 850 703 147 52 95 667 610 41 569 544 445 416 99 396 369 331 289 261 213 158 53 105
is_linear=0
shrinkage=0.1


Tree=40
num_leaves=31
num_cat=0
split_feature=4 0 2 6 2 2 2 3 0 2 2 5 2 0 2 2 2 0 2 2 2 2 6 2 2 2 1 7 0 2
split_gain=0.00523105 0.00365459 0.00263059 0.00698568 0.00250406 0.00452319 0.00262119 0.00172444 0.00534306 0.0047587 0.00643033 0.00985854 0.0158418 0.00533759 0.00470134 0.011941 0.00400117 0.0076177 0.00304792 0.00558036 0.00910467 0.00550228 0.0038867 0.00592418 0.0142359 0.0107212 0.00494387 0.00359901 0.00722755 0.00273173
threshold=1.0000000180025095e-35 0.032608695652173954 0.49650255582458974 1.0000000180025095e-35 0.38976324993274147 0.33212267958030672 0.44565509819747112 1.0000000180025095e-35 0.88043478260869579 0.14601829432337901 0.25874361043852573 1.0000000180025095e-35 0.20621468926553674 0.076086956521739177 0.58400591875168151 0.64164648910411626 0.49650255582458974 0.53260869565217395 0.65274414850686047 0.48405972558514931 0.45796341135324187 0.57398439601829432 1.0000000180025095e-35 0.2652676889965026 0.19975786924939462 0.3832391713747646 1.0000000180025095e-35 1.0000000180025095e-35 0.68478260869565233 0.28887543718052189
decision_type=2 2 2 2 2 2 2 2 2 2 2 2 2 2 2 2 2 2 2 2 2 2 2 2 2 2 2 2 2 2
left_child=7 -2 4 -4 5 -3 -6 18 9 -9 11 12 -11 -12 16 -16 29 -18 19 20 22 -21 23 24 -1 27 -24 28 -25 -15
right_child=1 2 3 -5 6 -7 -8 8 -10 10 13 -13 -14 14 15 -17 17 -19 -20 21 -22 -23 26 25 -26 -27 -28 -29 -30 -31
leaf_value=6.1324511606914884e-05 -0.00065508294307316348 0.0002555315707247025 0.0022753901590476743 -9.4230501697613638e-07 -0.0010413118362934753 0.0018610989629371983 0.00054047281257226128 -0.0014757263011984912 0.0013036906563987337 2.5212303541290263e-05 0.0013324957721951333 -0.00099628683445709097 0.0034721422867733057 -0.0012848958914495915 0.0024254469893917087 -0.00078062141250344352 -0.0023444844050183231 5.7115994393825526e-05 0.00081257306931850821 -0.0017441517354181626 0.0018687959206068799 -5.8217518744640988e-05 0.0016056148335337639 -0.00073584833196090429 -0.002784538953503102 -0.0013123251873184928 -0.00053948115867873028 0.0016416472495620839 0.001590307553521019 -0.00013748005111888491
leaf_weight=39 27 74 28 26 22 23 20 23 30 30 22 21 24 23 21 26 28 25 24 49 21 32 22 34 32 45 21 24 22 212
leaf_count=39 27 74 28 26 22 23 20 23 30 30 22 21 24 23 21 26 28 25 24 49 21 32 22 34 32 45 21 24 22 212
internal_value=0 0.000434611 0.000587055 0.00117938 0.000356944 0.000636233 -0.000288081 -0.000112488 1.1076e-05 -7.41513e-05 4.69578e-07 0.00084221 0.00155718 -0.000176367 -0.000275456 0.000651877 -0.000426792 -0.00121165 -0.000276675 -0.000353337 -0.000127545 -0.0010781 -0.000302955 -0.000491841 -0.00122132 -7.74974e-05 0.00055801 0.000617093 0.000177999 -0.00024978
internal_weight=0 220 193 54 139 97 42 850 485 455 432 75 54 357 335 47 288 53 365 341 260 81 239 196 71 125 43 80 56 235
internal_count=1070 220 193 54 139 97 42 850 485 455 432 75 54 357 335 47 288 53 365 341 260 81 239 196 71 125 43 80 56 235
is_linear=0
shrinkage=0.1


Tree=41
num_leaves=31
num_cat=0
split_feature=2 4 2 2 1 2 6 2 2 2 0 2 2 7 2 2 1 0 0 0 2 2 2 0 2 0 0 0 3 1
split_gain=0.00450192 0.00584377 0.00444831 0.00296303 0.0100291 0.00586281 0.0034842 0.008463 0.0108301 0.00720185 0.00656323 0.00535301 0.00374917 0.0115093 0.00611589 0.00555063 0.0050831 0.0143413 0.0078151 0.00891363 0.00754688 0.010773 0.00618801 0.00349272 0.00333158 0.00226048 0.00291808 0.0094612 0.0075363 0.00565648
threshold=0.15388754371805216 1.0000000180025095e-35 0.17507398439601832 0.23305084745762714 1.0000000180025095e-35 0.25874361043852573 1.0000000180025095e-35 0.40422383642722626 0.55535377993005131 0.59779391982781815 0.40217391304347833 0.47302932472423986 0.55535377993005131 1.0000000180025095e-35 0.50773473231100352 0.62469733656174342 1.0000000180025095e-35 0.20652173913043484 0.20652173913043484 0.35869565217391308 0.37839655636265807 0.34678504170029595 0.30064568200161429 0.57608695652173936 0.43738229755178903 0.88043478260869579 0.59782608695652184 0.48913043478260876 0.3000000000000001 1.0000000180025095e-35
decision_type=2 2 2 2 2 2 2 2 2 2 2 2 2 2 2 2 2 2 2 2 2 2 2 2 2 2 2 2 2 2
left_child=-1 2 -2 4 -4 -5 12 -8 10 -10 -9 -12 14 15 16 -14 17 -7 -18 -20 21 -21 -19 -24 -25 26 27 29 -28 -3
right_child=1 25 3 5 -6 6 7 8 9 -11 11 -13 13 -15 -16 -17 18 22 19 20 -22 -23 23 24 -26 -27 28 -29 -30 -31
leaf_value=-0.00080655399959561266 0.0014026993809966371 0.0011237041819147132 0.00040105734777171168 0.0011998899530024374 -0.001883206025986756 0.002048805358031021 -0.0015749867479647876 -0.0003492945853363851 -0.0025676918588578702 -0.00029468849103938302 0.0027872548787854614 0.00050130692709769525 0.0029563230528895346 -0.00061181765488219899 -0.0013343699670965888 0.00062856116855982693 -0.0015243787135723113 0.0012989204208645755 0.0017711494159205661 -0.00058506037808804057 -0.0011445554557400915 0.0023398349643684925 -0.0010604200066886141 -0.00043542514838463832 0.00098820119816809908 0.0014404415063230167 -0.0015602231967141447 0.0025924971881544309 0.00099971856980118901 -0.00030729433142844204
leaf_weight=65 20 47 40 36 37 41 51 29 20 46 20 21 21 37 36 20 43 27 24 34 58 20 46 48 25 24 23 21 23 67
leaf_count=65 20 47 40 36 37 41 51 29 20 46 20 21 21 37 36 20 43 27 24 34 58 20 46 48 25 24 23 21 23 67
internal_value=0 5.21652e-05 -6.9901e-05 -0.00010766 -0.000696576 -4.31557e-05 -0.000110247 -0.000476422 -6.44596e-05 -0.000983477 0.000802043 0.0016164 3.2409e-05 0.000666881 -9.06975e-05 0.00182083 3.16309e-05 0.000396242 -0.000349275 2.22648e-05 -0.000352496 0.000498234 -6.78346e-05 -0.000377939 5.21181e-05 0.000528521 0.000407603 0.000641984 -0.000280252 0.000282679
internal_weight=0 1005 800 780 77 703 667 187 136 66 70 41 480 78 402 41 366 187 179 136 112 54 146 119 73 205 181 135 46 114
internal_count=1070 1005 800 780 77 703 667 187 136 66 70 41 480 78 402 41 366 187 179 136 112 54 146 119 73 205 181 135 46 114
is_linear=0
shrinkage=0.1


Tree=42
num_leaves=31
num_cat=0
split_feature=2 4 2 2 1 2 6 2 2 2 0 2 2 7 1 1 0 0 0 2 2 2 2 2 7 0 0 2 3 2
split_gain=0.00364656 0.00473345 0.00360313 0.00240006 0.0081236 0.00474888 0.0028222 0.00685503 0.00877238 0.0058335 0.00531621 0.00433594 0.00303683 0.00932254 0.00508355 0.00503454 0.00823005 0.00583458 0.00569835 0.00763277 0.00872611 0.00505865 0.00424168 0.00384585 0.00248198 0.00284022 0.00483707 0.00209325 0.00221269 0.00346247
threshold=0.15388754371805216 1.0000000180025095e-35 0.17507398439601832 0.23305084745762714 1.0000000180025095e-35 0.25874361043852573 1.0000000180025095e-35 0.40422383642722626 0.55535377993005131 0.59779391982781815 0.40217391304347833 0.47302932472423986 0.55535377993005131 1.0000000180025095e-35 1.0000000180025095e-35 1.0000000180025095e-35 0.20652173913043484 0.20652173913043484 0.35869565217391308 0.37839655636265807 0.34678504170029595 0.30064568200161429 0.49488835082055421 0.41054613935969869 1.0000000180025095e-35 0.77173913043478271 0.51086956521739146 0.59375840731772944 0.50000000000000011 0.22881355932203393
decision_type=2 2 2 2 2 2 2 2 2 2 2 2 2 2 2 2 2 2 2 2 2 2 2 2 2 2 2 2 2 2
left_child=-1 2 -2 4 -4 -5 12 -8 10 -10 -9 -12 15 14 -14 16 23 -17 -19 20 -20 -18 24 -7 25 26 -23 28 29 -3
right_child=1 27 3 5 -6 6 7 8 9 -11 11 -13 13 -15 -16 17 21 18 19 -21 -22 22 -24 -25 -26 -27 -28 -29 -30 -31
leaf_value=-0.00072589858444049382 0.0012624294304987415 0.0014246927042677272 0.0003609515231801197 0.0010799010526776935 -0.0016948854462621181 0.0022373222441484149 -0.0014174880826841201 -0.00031436520050568827 -0.002310922695323825 -0.0002652196659018164 0.0025085293268784885 0.00045117620999614403 0.00055207801051437855 -0.00055063587607111079 0.0027797484537586572 -0.0014179336286070658 0.0011690283376352725 0.0011746077599969727 -0.00052655432876182369 -0.0011546974341124015 0.0021058515994809568 -0.00079186689967173155 0.00093811206831808454 0.00041783560161656215 -0.00117701058043167 -0.00098543175221753451 0.0013811271923172865 0.001333101405063644 0.0011405679435119965 1.1336141603980929e-05
leaf_weight=65 20 20 40 36 37 26 51 29 20 46 20 21 21 37 20 47 27 27 34 66 20 20 22 21 43 28 21 25 30 130
leaf_count=65 20 20 40 36 37 26 51 29 20 46 20 21 21 37 20 47 27 27 34 66 20 20 22 21 43 28 21 25 30 130
internal_value=0 4.69487e-05 -6.29109e-05 -9.6894e-05 -0.000626918 -3.88401e-05 -9.9222e-05 -0.000428779 -5.80137e-05 -0.00088513 0.000721839 0.00145476 2.91681e-05 0.000600193 0.00163875 -8.16278e-05 0.000260144 -0.000448063 -0.000137969 -0.000433299 0.000448411 -7.97204e-05 -0.000331334 0.00142436 -0.000580689 -0.000209069 0.00032113 0.000475669 0.000356581 0.000199784
internal_weight=0 1005 800 780 77 703 667 187 136 66 70 41 480 78 41 402 208 194 147 120 54 161 134 47 112 69 41 205 180 150
internal_count=1070 1005 800 780 77 703 667 187 136 66 70 41 480 78 41 402 208 194 147 120 54 161 134 47 112 69 41 205 180 150
is_linear=0
shrinkage=0.1


Tree=43
num_leaves=31
num_cat=0
split_feature=2 4 2 3 0 0 0 1 0 2 2 2 1 2 2 2 1 3 2 2 2 2 2 2 0 0 0 2 2 1
split_gain=0.00295371 0.0038341 0.00291854 0.00206943 0.0019652 0.00557433 0.00758108 0.00446673 0.00412461 0.00279451 0.00264171 0.00194405 0.00658011 0.00384659 0.00285537 0.00387028 0.00759607 0.00338834 0.00263971 0.00580737 0.0062699 0.00309593 0.00238293 0.00236321 0.00290447 0.00260173 0.00567204 0.00312462 0.0049669 0.00314365
threshold=0.15388754371805216 1.0000000180025095e-35 0.17507398439601832 1.0000000180025095e-35 0.72826086956521752 0.59782608695652184 0.48913043478260876 1.0000000180025095e-35 0.22826086956521749 0.37563895614743076 0.43462469733656173 0.23305084745762714 1.0000000180025095e-35 0.25874361043852573 0.29149852031207962 0.31510626849609902 1.0000000180025095e-35 0.70000000000000018 0.37012375571697609 0.38115415657788537 0.39110842076943775 0.33319881624966369 0.27972827549098739 0.40577078288942697 0.032608695652173954 0.90217391304347838 0.8369565217391306 0.61770244821092279 0.68112725316115152 1.0000000180025095e-35
decision_type=2 2 2 2 2 2 2 2 2 2 2 2 2 2 2 2 2 2 2 2 2 2 2 2 2 2 2 2 2 2
left_child=3 2 -2 -1 5 6 7 9 -9 -3 -6 12 -4 -13 22 16 -16 18 21 -20 -21 -17 -15 -22 -25 26 27 29 -29 -26
right_child=1 4 11 -5 10 -7 -8 8 -10 -11 -12 13 -14 14 15 17 -18 -19 19 20 23 -23 -24 24 25 -27 -28 28 -30 -31
leaf_value=1.6079759828884293e-05 0.0011361865297658369 0.00020179955754429102 0.00032485640491358936 -0.001128926897409225 0.00026328308952294972 -0.001043081490314324 0.0022769088335778741 0.00039152428507804871 -0.0011863308535733572 0.0017443237869251196 0.0018313188446405721 0.00097191086774223048 -0.0015253968624951873 -0.00025353445646552638 0.0023070616158656779 0.00012676461847149767 -0.0004160267905154754 0.0010446582259610296 0.0013261440129757956 -0.0018649533740244806 0.00085288349677015238 -0.0010357323494399823 -0.0015816867346240379 -0.00094431726427405692 -0.00027046638034677152 -0.00075666367830265133 0.0014382212734614899 -0.001848868736187401 0.000187374257016927 0.000498092214659734
leaf_weight=27 20 24 40 38 22 27 21 37 30 23 21 36 37 35 20 36 21 25 29 20 27 63 22 38 109 42 28 23 25 104
leaf_count=27 20 24 40 38 22 27 21 37 30 23 21 36 37 35 20 36 21 25 29 20 27 63 22 38 109 42 28 23 25 104
internal_value=0 4.22538e-05 -5.66198e-05 -0.000653309 0.000428102 0.000268586 0.00053092 0.00020929 -0.000314978 0.000956652 0.00102907 -8.72046e-05 -0.000564226 -3.49561e-05 -8.92998e-05 -2.60527e-05 0.000912309 -9.36675e-05 -0.00014598 -4.20801e-05 -0.000137461 -0.000613006 -0.000766155 -5.0214e-05 -0.000116294 -2.12343e-05 8.56447e-05 -5.94593e-05 -0.000788326 0.000104792
internal_weight=0 1005 800 65 205 162 135 114 67 47 43 780 77 703 667 610 41 569 544 445 416 99 57 396 369 331 289 261 48 213
internal_count=1070 1005 800 65 205 162 135 114 67 47 43 780 77 703 667 610 41 569 544 445 416 99 57 396 369 331 289 261 48 213
is_linear=0
shrinkage=0.1


Tree=44
num_leaves=31
num_cat=0
split_feature=2 2 6 0 0 3 0 2 0 0 0 2 0 0 0 2 7 3 2 2 2 2 2 0 2 2 2 0 0 3
split_gain=0.00257715 0.00516746 0.00438311 0.00626371 0.00692766 0.00837011 0.00662078 0.0054327 0.00503835 0.00278184 0.00677904 0.00353666 0.0034263 0.010039 0.00698441 0.0042655 0.00364237 0.00421985 0.00848353 0.00344914 0.0045446 0.00743297 0.00308495 0.00321264 0.00303864 0.00352004 0.00274779 0.00255785 0.00788962 0.00578587
threshold=0.44969061070755989 0.46845574387947264 1.0000000180025095e-35 0.11956521739130439 0.33695652173913049 0.3000000000000001 0.64130434782608703 0.69646220069948894 0.097826086956521799 0.90217391304347838 0.85869565217391319 0.32687651331719131 0.57608695652173936 0.61956521739130443 0.66304347826086973 0.40772128060263657 1.0000000180025095e-35 0.3000000000000001 0.32035243475921443 0.41209308582189941 0.34678504170029595 0.29149852031207962 0.16727199354317993 0.38043478260869568 0.38061608824320686 0.33864675813828354 0.53309120258272802 0.032608695652173954 0.141304347826087 1.0000000180025095e-35
decision_type=2 2 2 2 2 2 2 2 2 2 2 2 2 2 2 2 2 2 2 2 2 2 2 2 2 2 2 2 2 2
left_child=9 -2 3 -3 -5 6 -6 8 -4 10 12 -11 15 -14 -15 16 17 24 22 20 21 -16 -19 -24 25 27 -7 -1 -29 -30
right_child=1 2 7 4 5 26 -8 -9 -10 11 -12 -13 13 14 19 -17 -18 18 -20 -21 -22 -23 23 -25 -26 -27 -28 28 29 -31
leaf_value=-0.0010530843831710864 0.0012023021380983942 -0.00084754283041028043 0.00071341074293568025 0.001999978377328565 -0.0015860812167240376 0.0021670628887725551 0.00031488732855538268 0.00093035511135195316 -0.0010104669093958696 0.0016353107907343659 -0.0018184084838139825 -0.00013346834412704295 0.0018645955877445886 -0.0013969408191769617 -0.00026816495715602473 -0.0011935132776588117 -0.00071175595596691392 -0.0010414532851427793 0.0018558954092441128 0.0013656893330018806 -0.0010734723257233524 0.0019109763259462934 0.0012819244542957419 -0.00042881383763059331 0.00085355271373621438 -0.0013237182843802273 0.00069569548883009714 0.0014548368812217537 -0.0012920369650514442 0.00034886503258762375
leaf_weight=27 46 35 21 30 27 22 57 26 88 20 24 26 32 32 49 44 90 23 33 23 28 23 21 23 22 33 30 29 42 44
leaf_count=27 46 35 21 30 27 22 57 26 88 20 24 26 32 32 49 44 90 23 33 23 28 23 21 23 22 33 30 29 42 44
internal_value=0 0.000208277 7.21897e-05 0.000368189 0.000624518 0.000321108 -0.000296138 -0.00036852 -0.000678344 -0.000115642 -0.000169467 0.000635566 -0.00010543 0.000252037 -8.08781e-05 -0.000260526 -0.00015445 1.44302e-05 0.000543488 0.000261512 7.55147e-06 0.00042795 -0.000102921 0.000387675 -0.000254127 -0.000393378 0.0013182 -0.000177173 2.84763e-05 -0.000452506
internal_weight=0 382 336 201 166 136 84 135 109 688 642 46 618 187 155 431 387 297 100 123 100 72 67 44 197 175 52 142 115 86
internal_count=1070 382 336 201 166 136 84 135 109 688 642 46 618 187 155 431 387 297 100 123 100 72 67 44 197 175 52 142 115 86
is_linear=0
shrinkage=0.1


Tree=45
num_leaves=31
num_cat=0
split_feature=2 0 3 6 7 2 2 0 0 2 2 0 0 2 0 0 0 0 3 2 7 2 3 0 5 0 0 3 2 2
split_gain=0.00208749 0.00491351 0.0125751 0.00477796 0.00796082 0.0124891 0.00551299 0.00857396 0.00537589 0.00407847 0.00374091 0.00225329 0.00549102 0.00286469 0.00277531 0.0081316 0.00565737 0.0034981 0.00651957 0.00345506 0.00295032 0.00352712 0.00763726 0.00522504 0.00428486 0.00614308 0.00507572 0.0092787 0.00324238 0.00318414
threshold=0.44969061070755989 0.85869565217391319 1.0000000180025095e-35 1.0000000180025095e-35 1.0000000180025095e-35 0.58400591875168151 0.49858757062146897 0.51086956521739146 0.59782608695652184 0.52347323110034982 0.59375840731772944 0.90217391304347838 0.85869565217391319 0.32687651331719131 0.57608695652173936 0.61956521739130443 0.66304347826086973 0.7934782608695653 0.3000000000000001 0.40772128060263657 1.0000000180025095e-35 0.15388754371805216 0.3000000000000001 0.35869565217391308 1.0000000180025095e-35 0.31521739130434789 0.141304347826087 1.0000000180025095e-35 0.32492601560398171 0.27145547484530536
decision_type=2 2 2 2 2 2 2 2 2 2 2 2 2 2 2 2 2 2 2 2 2 2 2 2 2 2 2 2 2 2
left_child=11 3 -3 4 5 6 8 -8 -2 -5 -11 12 14 -13 19 -16 -17 18 -18 20 21 -1 24 -24 26 -26 28 -28 -23 -25
right_child=1 2 -4 9 -6 -7 7 -9 -10 10 -12 13 -14 -15 15 16 17 -19 -20 -21 -22 22 23 29 25 -27 27 -29 -30 -31
leaf_value=-0.00091491263527940551 0.0022573815769560282 7.3713060218568261e-06 0.0030659036210272462 0.00045071754656318165 -0.00041677233336182939 0.0027586574364384569 -0.0017060782359621955 0.0010348009705055683 -3.3445761073380711e-05 -0.0016766490865848028 -0.00032979341962471095 0.0014717796944023578 -0.0016365676681743936 -0.00012012150769945807 0.0016781359561719002 -0.00125724674508092 -0.00010574663689252563 -0.00056223209524576209 0.0016913044224069877 -0.0010741619760996069 -0.00064058034852172978 0.00020053450349223568 0.0017991558679855907 -0.00073351241415366532 -0.0016840885293755781 0.00041565153184241029 -0.0016015883185900748 0.00064534372169873684 0.0019087919933372178 0.00097493577529045674
leaf_weight=36 21 41 20 36 81 27 25 21 20 32 58 20 24 26 32 32 52 38 33 44 90 25 38 20 38 22 34 40 20 24
leaf_count=36 21 41 20 36 81 27 25 21 20 32 58 20 24 26 32 32 52 38 33 44 90 25 38 20 38 22 34 40 20 24
internal_value=0 0.000187449 0.00101017 3.11065e-05 0.000341232 0.000879813 0.000296724 -0.000454807 0.0011399 -0.000448849 -0.000808675 -0.000104078 -0.00015252 0.000572009 -9.48872e-05 0.000226833 -7.27903e-05 0.000235361 0.000591932 -0.000234474 -0.000139005 1.29872e-05 0.000140973 0.000940197 -0.000225151 -0.000914184 0.00012226 -0.00038703 0.00095976 0.000198368
internal_weight=0 382 61 321 195 114 87 46 41 126 90 688 642 46 618 187 155 123 85 431 387 297 261 82 179 60 119 74 45 44
internal_count=1070 382 61 321 195 114 87 46 41 126 90 688 642 46 618 187 155 123 85 431 387 297 261 82 179 60 119 74 45 44
is_linear=0
shrinkage=0.1


Tree=46
num_leaves=31
num_cat=0
split_feature=4 0 2 6 2 3 0 2 2 2 2 0 0 0 0 3 0 2 2 0 0 0 2 0 2 2 2 2 2 2
split_gain=0.00210625 0.00216958 0.0016217 0.0045696 0.00275153 0.00429242 0.00414827 0.00188163 0.00140749 0.00137216 0.00682032 0.00377666 0.00936576 0.007966 0.00491728 0.0135518 0.00347324 0.00336031 0.0026006 0.00231464 0.00157603 0.00641742 0.00231825 0.00202011 0.00298805 0.0057109 0.00276938 0.00255125 0.00635853 0.0108136
threshold=1.0000000180025095e-35 0.032608695652173954 0.49650255582458974 1.0000000180025095e-35 0.38976324993274147 1.0000000180025095e-35 0.53260869565217395 0.44565509819747112 0.72276029055690083 0.46690879741727193 0.47578692493946728 0.90217391304347838 0.7934782608695653 0.66304347826086973 0.35869565217391308 0.3000000000000001 0.48913043478260876 0.59779391982781815 0.45534032822168408 0.076086956521739177 0.90217391304347838 0.85869565217391319 0.43738229755178903 0.66304347826086973 0.23856604788808181 0.30723701910142587 0.40772128060263657 0.39238633306429921 0.37288135593220334 0.36225450632230288
decision_type=2 2 2 2 2 2 2 2 2 2 2 2 2 2 2 2 2 2 2 2 2 2 2 2 2 2 2 2 2 2
left_child=8 -2 4 -4 5 -3 -7 -6 9 18 -11 12 13 14 15 17 -16 19 20 -12 21 22 23 26 -25 -26 27 28 29 -1
right_child=1 2 3 -5 7 6 -8 -9 -10 10 11 -13 -14 -15 16 -17 -18 -19 -20 -21 -22 -23 -24 24 25 -27 -28 -29 -30 -31
leaf_value=-0.0002519004435939946 -0.00056382246720777069 0.0013712482777514703 0.0017447470321453045 -9.6323809031253821e-05 -0.0011017681829715994 0.00070504723748724372 -0.00096249892577851342 0.00023841744114179165 -0.00087987833328606081 0.0019166558922734112 0.00056816945905752831 -0.0011437216827359339 0.0017061597580322998 -0.0017340737188027964 0.0018385331362382698 -0.002549943447021568 0.00024368674753026833 0.0013450778109709855 -0.0012014090185402894 -0.00093500345741631468 0.00055671220844877626 -0.0018080634498884056 0.00080476455743713629 -0.00073421891343472957 0.0018631946062669159 -7.4540732277776397e-06 -0.0011266621650241676 0.00085458122290826095 -0.0016829436912235839 0.0020530577336268672
leaf_weight=272 27 36 28 26 22 35 26 20 21 20 21 26 32 27 22 21 36 23 22 20 35 22 29 22 24 51 31 24 27 22
leaf_count=272 27 36 28 26 22 35 26 20 21 20 21 26 32 27 22 21 36 23 22 20 35 22 29 22 24 51 31 24 27 22
internal_value=0 0.000275779 0.000393236 0.000858306 0.000212562 0.000505326 -5.71014e-06 -0.000463585 -7.13781e-05 -5.08974e-05 0.000146022 -9.29703e-06 0.000136718 -0.000158706 0.000138741 -0.000345653 0.000848628 0.000377629 -0.000134952 -0.000165086 -9.29809e-05 -0.000136376 -6.31152e-05 -0.000116326 0.000290554 0.000591154 -0.000221292 -0.00013994 -0.000214296 -7.94206e-05
internal_weight=0 220 193 54 139 97 61 42 850 829 248 228 202 170 143 85 58 64 581 41 559 524 502 473 97 75 376 345 321 294
internal_count=1070 220 193 54 139 97 61 42 850 829 248 228 202 170 143 85 58 64 581 41 559 524 502 473 97 75 376 345 321 294
is_linear=0
shrinkage=0.1


Tree=47
num_leaves=31
num_cat=0
split_feature=0 1 2 0 0 0 0 3 2 0 0 0 7 2 0 2 2 2 2 2 3 2 2 2 0 3 2 0 0 1
split_gain=0.00189501 0.00569307 0.012429 0.00386302 0.00217411 0.00268463 0.00204637 0.00877074 0.00676703 0.00400024 0.0024221 0.00208496 0.0123118 0.0081703 0.00514216 0.00403265 0.0125305 0.00680049 0.00813374 0.00448335 0.00417475 0.00763673 0.00835571 0.00952354 0.00263947 0.00698737 0.00231992 0.00439871 0.00187398 0.00387523
threshold=0.85869565217391319 1.0000000180025095e-35 0.46690879741727193 0.94565217391304357 0.815217391304348 0.8369565217391306 0.72826086956521752 0.50000000000000011 0.44013989776701645 0.70652173913043492 0.68478260869565233 0.59782608695652184 1.0000000180025095e-35 0.39487489911218726 0.57608695652173936 0.52044659671778326 0.55259617971482389 0.59375840731772944 0.62967446865751953 0.49650255582458974 0.3000000000000001 0.44565509819747112 0.37146892655367236 0.32035243475921443 0.42391304347826098 1.0000000180025095e-35 0.25874361043852573 0.35869565217391308 0.054347826086956548 1.0000000180025095e-35
decision_type=2 2 2 2 2 2 2 2 2 2 2 2 2 2 2 2 2 2 2 2 2 2 2 2 2 2 2 2 2 2
left_child=4 2 -2 -3 6 -6 9 8 -8 10 11 14 13 -13 15 19 -17 -18 -19 20 24 22 23 26 28 -26 27 -22 29 -1
right_child=1 3 -4 -5 5 -7 7 -9 -10 -11 -12 12 -14 -15 -16 16 17 18 -20 -21 21 -23 -24 -25 25 -27 -28 -29 -30 -31
leaf_value=0.00016991403297139093 -1.6942412049650366e-05 -0.00094023869553497307 0.0028236934786188311 0.00065215716592501851 -0.0015162751193698073 6.4445754867934041e-05 0.00072258011690185713 0.0022258813470779431 -0.001243857367274662 -0.0013675795275839451 0.00095954081601424461 -0.0024079047955080659 0.0013801084691658617 -0.0001785654528066516 0.0014075194643810391 0.0023193785380239466 -0.001333113684863747 0.0021650200666044838 -0.00025868965364578701 -0.0014832150635775178 0.001147527423745487 0.0018736125449112689 -0.0014109176601778018 0.0021389934960752729 -0.0023877536797607766 -0.00016237991661656389 -0.00091851005199714572 -0.0006096757627252875 6.8344028629869879e-06 -0.0011851100148898854
leaf_weight=39 43 39 24 25 22 21 42 21 30 23 24 31 25 35 25 28 30 20 45 25 28 26 32 25 21 43 24 29 179 46
leaf_count=39 43 39 24 25 22 21 42 21 30 23 24 31 25 35 25 28 30 20 45 25 28 26 32 25 21 43 24 29 179 46
internal_value=0 0.000356296 0.0010006 -0.000318209 -4.97069e-05 -0.000744295 -1.63728e-05 0.000427701 -9.67688e-05 -6.78035e-05 -2.94768e-05 -6.08741e-05 -0.000509804 -0.00122568 5.58307e-07 -5.44011e-05 0.000460232 -8.77268e-05 0.000487067 -0.000176838 -0.000110457 0.000301496 5.30001e-06 0.000432837 -0.000316434 -0.000892581 -9.3754e-05 0.000253512 -0.000176762 -0.000563393
internal_weight=0 131 67 64 939 43 896 93 72 803 780 756 91 66 665 640 123 95 65 517 492 164 138 106 328 64 81 57 264 85
internal_count=1070 131 67 64 939 43 896 93 72 803 780 756 91 66 665 640 123 95 65 517 492 164 138 106 328 64 81 57 264 85
is_linear=0
shrinkage=0.1


Tree=48
num_leaves=31
num_cat=0
split_feature=4 0 0 0 1 0 2 2 2 2 2 2 2 2 2 2 0 0 0 0 2 1 5 1 0 2 0 2 2 2
split_gain=0.00177644 0.00180697 0.00286409 0.00426058 0.00329448 0.00331011 0.00267292 0.00165709 0.00114999 0.00121468 0.00196411 0.00417782 0.00300875 0.00468633 0.00373534 0.00644265 0.00366312 0.00429348 0.00152232 0.00520436 0.0045397 0.00197672 0.00174376 0.00700813 0.00384625 0.00446507 0.00355686 0.00255976 0.00496412 0.00589171
threshold=1.0000000180025095e-35 0.72826086956521752 0.59782608695652184 0.51086956521739146 1.0000000180025095e-35 0.22826086956521749 0.37563895614743076 0.43462469733656173 0.72276029055690083 0.66323648103309119 0.61770244821092279 0.58400591875168151 0.56672047350013455 0.54835889157923046 0.52347323110034982 0.50282485875706229 0.92391304347826098 0.88043478260869579 0.054347826086956548 0.11956521739130439 0.40772128060263657 1.0000000180025095e-35 1.0000000180025095e-35 1.0000000180025095e-35 0.33695652173913049 0.38061608824320686 0.42391304347826098 0.46845574387947264 0.41209308582189941 0.37288135593220334
decision_type=2 2 2 2 2 2 2 2 2 2 2 2 2 2 2 2 2 2 2 2 2 2 2 2 2 2 2 2 2 2
left_child=8 2 3 4 6 -6 -2 -3 9 10 11 12 13 14 15 16 17 18 20 -20 21 -1 27 26 -25 -26 -24 28 29 -21
right_child=1 7 -4 -5 5 -7 -8 -9 -10 -11 -12 -13 -14 -15 -16 -17 -18 -19 19 22 -22 -23 23 24 25 -27 -28 -29 -30 -31
leaf_value=0.00074687309527126636 4.5307143356636049e-05 0.00024005589986462957 -0.00083767762407660484 0.0015664826649960809 0.0002498127255911151 -0.0011001165226951022 0.001468110191838249 0.0014686979254336274 -0.00079636246110090898 0.0007228218321688474 -0.00074926219938788565 0.0012680913864945374 -0.0011738509987480939 0.0014736558112781496 -0.0011011877638178276 0.0016971054988624973 0.00091225155055456395 -0.0014799997912316189 0.0010850572087339318 0.00010513343577424001 -0.0017157375304536386 -0.00049421570314955193 -0.0022475951898906551 0.0013715318836537856 0.00063102306858463979 -0.0012650419188582379 -0.00063366561896853251 -0.00091562875438415045 0.00094537928562865342 -0.001200549407271532
leaf_weight=21 31 23 27 22 39 34 23 21 21 20 40 24 24 20 34 21 35 23 39 220 22 33 22 21 27 23 36 28 55 41
leaf_count=21 31 23 27 22 39 34 23 21 21 20 40 24 24 20 34 21 35 23 39 220 22 33 22 21 27 23 36 28 55 41
internal_value=0 0.000253268 0.000109972 0.000281694 5.91322e-05 -0.000378921 0.000651316 0.000826453 -6.55518e-05 -4.70391e-05 -6.60715e-05 -3.0535e-05 -7.23699e-05 -3.57048e-05 -7.87679e-05 -2.66505e-05 -8.26859e-05 -0.000139679 -8.72516e-05 -2.52596e-05 -0.000504882 -1.15701e-05 -0.000116808 -0.000430351 0.000235829 -0.000241167 -0.00124585 7.70598e-07 8.19705e-05 -9.99738e-05
internal_weight=0 220 176 149 127 73 54 44 850 829 809 769 745 721 701 667 646 611 588 512 76 54 473 129 71 50 58 344 316 261
internal_count=1070 220 176 149 127 73 54 44 850 829 809 769 745 721 701 667 646 611 588 512 76 54 473 129 71 50 58 344 316 261
is_linear=0
shrinkage=0.1


Tree=49
num_leaves=31
num_cat=0
split_feature=2 2 0 2 3 2 2 2 0 3 2 2 2 2 0 0 2 0 6 1 2 1 2 0 0 0 6 0 0 2
split_gain=0.00165443 0.00311463 0.00378783 0.00293135 0.00217093 0.00701209 0.00549636 0.00973869 0.0120954 0.00719772 0.00544765 0.00454979 0.0046005 0.0039949 0.00610125 0.0141908 0.0057371 0.00511444 0.00430021 0.00365198 0.0033905 0.00296509 0.00635043 0.00838319 0.00743419 0.00510558 0.00463012 0.00427566 0.00523335 0.00335476
threshold=0.15388754371805216 0.19592413236481029 0.31521739130434789 0.21885929513048155 1.0000000180025095e-35 0.25874361043852573 0.48681732580037662 0.60182943233790709 0.72826086956521752 0.3000000000000001 0.2652676889965026 0.46845574387947264 0.44969061070755989 0.48405972558514931 0.57608695652173936 0.72826086956521752 0.57398439601829432 0.57608695652173936 1.0000000180025095e-35 1.0000000180025095e-35 0.53309120258272802 1.0000000180025095e-35 0.37146892655367236 0.57608695652173936 0.33695652173913049 0.64130434782608703 1.0000000180025095e-35 0.59782608695652184 0.75000000000000011 0.36750067258541835
decision_type=2 2 2 2 2 2 2 2 2 2 2 2 2 2 2 2 2 2 2 2 2 2 2 2 2 2 2 2 2 2
left_child=-1 2 -2 -3 10 -6 11 8 9 -8 -5 12 21 14 -12 -16 17 -15 -18 -9 -11 26 23 24 -23 -24 27 29 -29 -7
right_child=1 3 -4 4 5 6 7 19 -10 20 13 -13 -14 16 15 -17 18 -19 -20 -21 -22 22 25 -25 -26 -27 -28 28 -30 -31
leaf_value=-0.00048894296283833686 -7.8406427677817133e-05 -0.00091041743214840881 0.0015243278695076393 -0.0012942468541893961 0.0013784990904495381 0.00040983723689714684 0.0016405063496703017 -0.0014301953008398413 0.0031714049167931081 0.00059420572500675916 -0.00021734513618412168 -0.0015892346992834726 0.0011715668190915424 -0.00038955763307776102 0.0032065590796992189 0.00019091613046352712 0.001098070802279459 -0.0021895972240060842 -0.00052828994686589454 0.00014309182006400079 -0.0010527310501784086 -0.00046046594574969879 -0.002098102627787739 -0.001725888081418816 0.0017848795391257916 -0.00020441266824491324 -0.00079435230551385566 -0.0013192611352895343 0.00091325905218365652 0.0021243070285501225
leaf_weight=65 29 35 30 38 43 25 35 25 22 25 128 22 26 38 20 71 29 27 37 36 25 30 35 20 29 24 38 21 21 21
leaf_count=65 29 35 30 38 43 25 35 25 22 25 128 22 26 38 20 71 29 27 37 36 25 30 35 20 29 24 38 21 21 21
internal_value=0 3.16232e-05 0.000736543 -1.23412e-05 2.21623e-05 0.000155125 4.55306e-05 0.000506678 0.00108155 0.000540642 -0.000157063 -0.00020278 -9.76002e-05 -3.3597e-05 0.000227699 0.000853695 -0.00047042 -0.00113727 0.000186323 -0.000501698 -0.000229263 -0.000222594 -0.000542824 4.34148e-05 0.000643178 -0.00132779 0.000128135 0.000526481 -0.000203001 0.00119253
internal_weight=0 1005 59 946 911 523 480 168 107 85 388 312 290 350 219 91 131 65 66 61 50 264 138 79 59 59 126 88 42 46
internal_count=1070 1005 59 946 911 523 480 168 107 85 388 312 290 350 219 91 131 65 66 61 50 264 138 79 59 59 126 88 42 46
is_linear=0
shrinkage=0.1


Tree=50
num_leaves=31
num_cat=0
split_feature=2 2 1 2 0 2 2 5 1 2 0 2 2 2 0 0 3 0 2 2 0 0 0 4 7 0 0 3 2 5
split_gain=0.00179662 0.00427771 0.00969343 0.00807126 0.00353491 0.0119655 0.00437941 0.00362407 0.00352156 0.00246127 0.00925047 0.00480329 0.00199255 0.00269954 0.00143554 0.00492741 0.00183716 0.00466846 0.00384743 0.00473387 0.00227419 0.00252511 0.00220318 0.00172713 0.00192344 0.00999017 0.00877998 0.00876104 0.00118928 0.00358015
threshold=0.68112725316115152 0.60182943233790709 1.0000000180025095e-35 0.58400591875168151 0.88043478260869579 0.46690879741727193 0.56086898036050592 1.0000000180025095e-35 1.0000000180025095e-35 0.52044659671778326 0.57608695652173936 0.49858757062146897 0.4785445251546947 0.46845574387947264 0.57608695652173936 0.61956521739130443 0.3000000000000001 0.11956521739130439 0.37146892655367236 0.32687651331719131 0.33695652173913049 0.44565217391304357 0.51086956521739146 1.0000000180025095e-35 1.0000000180025095e-35 0.68478260869565233 0.7934782608695653 1.0000000180025095e-35 0.19592413236481029 1.0000000180025095e-35
decision_type=2 2 2 2 2 2 2 2 2 2 2 2 2 2 2 2 2 2 2 2 2 2 2 2 2 2 2 2 2 2
left_child=1 3 -3 4 6 7 9 -6 -2 11 -11 12 13 14 16 -16 22 -18 19 20 -19 -22 28 24 25 -17 -27 -26 -1 -30
right_child=8 2 -4 -5 5 -7 -8 -9 -10 10 -12 -13 -14 -15 15 23 17 18 -20 -21 21 -23 -24 -25 27 26 -28 -29 29 -31
leaf_value=0.00020540742266818816 0.0016102788760326801 -0.0020049990278273597 0.00050098650069136557 0.0019175133646719836 -0.00070142730947714532 0.0024881629777761798 -0.0011960557586623028 0.00079060691770993995 -0.00014045269237141365 0.0017562679815924756 -0.00082911557145416747 -0.0013470455642853832 0.00065143746702233339 -0.0011396952611191767 0.0012808628582313439 -0.0018363618562803963 0.0013660911331848744 -0.00093204618190065964 -0.0009970434445754758 0.0015143440128006413 0.00099013786403583776 -0.00050841087411919786 -0.0011599897084614405 -0.0007867919759099516 -0.00089423947501927621 0.0012263680510804988 -0.00096077115339194901 0.0019396541996684392 -6.6870735994643e-05 -0.00099366822599092439
leaf_weight=58 20 33 29 22 41 24 34 27 27 31 25 29 40 23 34 26 26 25 35 22 23 22 26 26 20 50 29 24 163 56
leaf_count=58 20 33 29 22 41 24 34 27 27 31 25 29 40 23 34 26 26 25 35 22 23 22 26 26 20 50 29 24 163 56
internal_value=0 -2.77745e-05 -0.000832845 2.41655e-05 -2.01941e-05 0.000568519 -8.41394e-05 -0.000109002 0.000604539 -3.76386e-05 0.000602079 -8.49625e-05 -3.46872e-05 -7.45781e-05 -3.77395e-05 0.000179284 -0.000137208 0.000145257 -0.000104677 0.00023481 -0.000167329 0.000257514 -0.00027984 -3.47374e-05 9.64936e-05 -0.000136089 0.000423494 0.000651521 -0.000197226 -0.00030386
internal_weight=0 1023 62 961 939 92 847 68 47 813 56 757 728 688 665 209 456 153 127 92 70 45 303 175 149 105 79 44 277 219
internal_count=1070 1023 62 961 939 92 847 68 47 813 56 757 728 688 665 209 456 153 127 92 70 45 303 175 149 105 79 44 277 219
is_linear=0
shrinkage=0.1


Tree=51
num_leaves=31
num_cat=0
split_feature=2 2 0 2 3 2 2 2 0 2 2 2 2 2 4 2 0 0 0 4 0 2 2 2 2 0 0 1 0 2
split_gain=0.0015272 0.00241062 0.00317237 0.00244125 0.00192192 0.00171766 0.00422653 0.00231559 0.00552458 0.00464801 0.0036022 0.00679303 0.0038446 0.00303475 0.00227127 0.00218991 0.00473412 0.00484215 0.00304216 0.00262786 0.00358725 0.00527877 0.00332788 0.00299572 0.00288511 0.00398497 0.00514654 0.0137462 0.00374768 0.0107375
threshold=0.15388754371805216 0.19592413236481029 0.31521739130434789 0.21885929513048155 1.0000000180025095e-35 0.24300511164917946 0.25215227333871398 0.27522195318805492 0.51086956521739146 0.28652138821630352 0.30064568200161429 0.31248318536454128 0.32425343018563357 0.37012375571697609 1.0000000180025095e-35 0.38115415657788537 1.0000000180025095e-35 0.076086956521739177 0.11956521739130439 1.0000000180025095e-35 0.35869565217391308 0.49858757062146897 0.41209308582189941 0.42910949690610711 0.46690879741727193 0.27173913043478271 0.85869565217391319 1.0000000180025095e-35 0.66304347826086973 0.5575733118106001
decision_type=2 2 2 2 2 2 2 2 2 2 2 2 2 2 2 2 2 2 2 2 2 2 2 2 2 2 2 2 2 2
left_child=4 2 -2 -3 -1 -5 -7 8 -8 -9 -11 -12 -13 14 -14 -15 -17 -18 -19 22 -21 -22 -20 -24 -25 -26 28 -28 -27 -30
right_child=1 3 -4 5 -6 6 7 9 -10 10 11 12 13 15 -16 16 17 18 19 20 21 -23 23 24 25 26 27 -29 29 -31
leaf_value=0.00017532328220787113 -9.5269155833099434e-05 -0.000827863897097164 0.0013714879200172922 0.00064012171256594191 -0.00092812092778714089 -0.0014087757201022692 -0.00038680317904271014 -0.0013534620264545084 0.0018542565129244148 0.0012378733401419595 -0.001661986226584607 0.0010138202186984321 -0.0007255371241711167 0.00081749444070737813 0.0004131015178493478 -0.0010758920161000182 0.0011391928369578507 -0.0011296721995511854 -0.0008029046419251245 0.0016689146100940311 0.0011254884750997007 -0.0006515417819277251 0.0011260493300724193 -0.00063123323634499688 0.0012433036794516677 0.00011930963223318705 0.0027794391460095845 -0.00079743669431825935 -0.00260001865984953 0.00015143930685479901
leaf_weight=27 29 35 30 43 38 21 22 25 22 24 24 39 86 38 22 36 42 22 50 22 32 35 25 60 29 89 21 22 23 37
leaf_count=27 29 35 30 43 38 21 22 25 22 24 24 39 86 38 22 36 42 22 50 22 32 35 25 60 29 89 21 22 23 37
internal_value=0 3.0383e-05 0.00065054 -8.29489e-06 -0.000469767 2.31924e-05 -7.36977e-06 2.73758e-05 0.000733727 -1.13283e-05 3.17994e-05 -6.59025e-06 4.78337e-05 -6.6865e-06 -0.000493592 8.35122e-05 3.23354e-05 0.000110717 1.82202e-05 7.49699e-05 0.000560986 0.000197189 -4.65342e-05 7.70557e-05 -1.62711e-05 0.000150687 -1.43438e-05 0.00094941 -0.000292474 -0.000903286
internal_weight=0 1005 59 946 65 911 868 847 44 803 778 754 730 691 108 583 545 509 467 445 89 67 356 306 281 221 192 43 149 60
internal_count=1070 1005 59 946 65 911 868 847 44 803 778 754 730 691 108 583 545 509 467 445 89 67 356 306 281 221 192 43 149 60
is_linear=0
shrinkage=0.1


Tree=52
num_leaves=31
num_cat=0
split_feature=2 2 1 2 2 0 2 2 2 0 2 3 2 2 2 2 3 6 2 2 1 2 2 1 2 3 2 0 7 0
split_gain=0.00140242 0.00382285 0.00829136 0.00646358 0.00318169 0.00259952 0.00912287 0.00365773 0.00360839 0.00249542 0.00203373 0.00799227 0.00381694 0.0015804 0.00208602 0.00117517 0.00245106 0.00178213 0.0131416 0.00995324 0.00814913 0.00488745 0.00604166 0.00310006 0.00685271 0.0132342 0.00441096 0.00324439 0.00575739 0.00670306
threshold=0.68112725316115152 0.60182943233790709 1.0000000180025095e-35 0.58400591875168151 0.72679580306698943 0.88043478260869579 0.46690879741727193 0.56086898036050592 0.28100618778584879 0.94565217391304357 0.52044659671778326 1.0000000180025095e-35 0.49858757062146897 0.4785445251546947 0.46845574387947264 0.43738229755178903 0.3000000000000001 1.0000000180025095e-35 0.38586225450632228 0.28887543718052189 1.0000000180025095e-35 0.38586225450632228 0.29149852031207962 1.0000000180025095e-35 0.22881355932203393 1.0000000180025095e-35 0.17507398439601832 0.097826086956521799 1.0000000180025095e-35 0.35869565217391308
decision_type=2 2 2 2 2 2 2 2 2 2 2 2 2 2 2 2 2 2 2 2 2 2 2 2 2 2 2 2 2 2
left_child=1 3 -3 5 -2 7 8 10 -7 -10 12 -12 13 14 15 17 -17 21 19 20 -19 22 23 24 25 -1 -27 -25 29 -29
right_child=4 2 -4 -5 -6 6 -8 -9 9 -11 11 -13 -14 -15 -16 16 -18 18 -20 -21 -22 -23 -24 27 -26 26 -28 28 -30 -31
leaf_value=-0.0019225505359757407 0.0014111958645199511 -0.0018696778216646195 0.00044799846765617357 0.0017188856738026847 -0.00023771365545690061 0.001026637184113497 0.0021658936607612607 -0.0010861494044280228 -0.0012353417678521231 0.00021174505236558618 -0.0006840739573817701 0.0017067540007450713 -0.0011955533232861039 0.00058538375407806602 -0.00099749455896570643 -0.00014858251718881851 0.001125610664222712 0.0021119407691952328 0.0024214807219560381 -0.0013190747709530923 -0.00047212257945480256 -0.00086489488515517111 0.00042659302580432272 -0.00092699501879646309 -0.0017378636885301342 -1.4760549917506674e-05 0.00196976951868107 0.002136297390350829 -0.0011825755739118904 3.7740445404779168e-05
leaf_weight=26 22 33 29 22 25 20 24 34 26 22 27 29 29 40 23 36 26 23 23 45 26 81 176 28 42 24 21 23 20 45
leaf_count=26 22 33 29 22 25 20 24 34 26 22 27 29 29 40 23 36 26 23 23 45 26 81 176 28 42 24 21 23 20 45
internal_value=0 -2.45391e-05 -0.000785603 2.45619e-05 0.000534116 -1.51348e-05 0.000489714 -6.99708e-05 -0.000101879 -0.000572094 -2.74738e-05 0.000554033 -7.04915e-05 -2.56744e-05 -6.12011e-05 -2.8818e-05 0.000385757 -7.14442e-05 0.000278933 -0.000245308 0.000740805 -0.000155794 -1.39741e-05 -0.000352576 -0.00072536 -0.000126414 0.000911353 1.05671e-05 0.000308882 0.000747546
internal_weight=0 1023 62 961 47 939 92 847 68 48 813 56 757 728 688 665 62 603 117 94 49 486 405 229 113 71 45 116 88 68
internal_count=1070 1023 62 961 47 939 92 847 68 48 813 56 757 728 688 665 62 603 117 94 49 486 405 229 113 71 45 116 88 68
is_linear=0
shrinkage=0.1


Tree=53
num_leaves=31
num_cat=0
split_feature=2 2 1 2 1 0 2 2 2 0 2 0 2 2 2 0 3 2 0 2 3 3 0 0 1 2 2 3 2 2
split_gain=0.00113596 0.0030965 0.006716 0.0052355 0.00268052 0.00210561 0.00738952 0.00296276 0.00292279 0.00202129 0.00164732 0.00689948 0.00309172 0.00128013 0.00168968 0.00101132 0.00440793 0.0132823 0.00989117 0.00658057 0.0063098 0.00375227 0.0014759 0.00465416 0.00447178 0.00692719 0.00639563 0.00508556 0.00357384 0.00503318
threshold=0.68112725316115152 0.60182943233790709 1.0000000180025095e-35 0.58400591875168151 1.0000000180025095e-35 0.88043478260869579 0.46690879741727193 0.56086898036050592 0.28100618778584879 0.94565217391304357 0.52044659671778326 0.57608695652173936 0.49858757062146897 0.4785445251546947 0.46845574387947264 0.57608695652173936 1.0000000180025095e-35 0.30589184826472965 0.77173913043478271 0.32035243475921443 0.3000000000000001 0.3000000000000001 0.35869565217391308 0.2934782608695653 1.0000000180025095e-35 0.19188861985472158 0.32492601560398171 1.0000000180025095e-35 0.25477535647027172 0.29412160344363736
decision_type=2 2 2 2 2 2 2 2 2 2 2 2 2 2 2 2 2 2 2 2 2 2 2 2 2 2 2 2 2 2
left_child=1 3 -3 5 -2 7 8 10 -7 -10 12 -12 13 14 15 22 17 -17 -19 20 -18 -21 23 24 25 -1 -27 -28 -24 -30
right_child=4 2 -4 -5 -6 6 -8 -9 9 -11 11 -13 -14 -15 -16 16 19 18 -20 21 -22 -23 28 -25 -26 26 27 -29 29 -31
leaf_value=-0.001162027191066255 0.0013581651914864779 -0.0016827100319928971 0.00040319858696954004 0.0015469971366903999 -0.00016926602520807475 0.00092397344997152686 0.0019493043095887214 -0.00097753449286649237 -0.0011118075855147955 0.0001905705726874823 0.0014954193856664784 -0.00073738868348300463 -0.0010759979947234288 0.00052684534544823693 -0.00089774509327506403 -0.00091180589098560942 0.0016508348498194079 0.0032099888989857088 0.00036784413154236975 -0.0017749010753634919 -0.00036319101345725361 -0.00025759590535950015 -0.0010670198448363463 0.0010226182141923345 -0.00052868121921968909 0.0017148931023060671 -0.00069821519844825508 0.0011067817335801752 0.0013944534580514303 -0.00037483819448048386
leaf_weight=26 20 33 29 22 27 20 24 34 26 22 31 25 29 40 23 30 28 24 25 28 35 39 49 40 138 37 37 27 20 82
leaf_count=26 20 33 29 22 27 20 24 34 26 22 31 25 29 40 23 30 28 24 25 28 35 39 49 40 138 37 37 27 20 82
internal_value=0 -2.20852e-05 -0.000707043 2.21057e-05 0.000480705 -1.36213e-05 0.000440743 -6.29737e-05 -9.16908e-05 -0.000514884 -2.47264e-05 0.00049863 -6.34423e-05 -2.3107e-05 -5.50809e-05 -2.59362e-05 0.00015622 0.000745337 0.00175992 -0.000201783 0.000531932 -0.000891694 -0.000109424 1.71613e-05 -0.000134606 0.000293602 0.000668319 6.32679e-05 -0.00036511 -2.79183e-05
internal_weight=0 1023 62 961 47 939 92 847 68 48 813 56 757 728 688 665 209 79 49 130 63 67 456 305 265 127 101 64 151 102
internal_count=1070 1023 62 961 47 939 92 847 68 48 813 56 757 728 688 665 209 79 49 130 63 67 456 305 265 127 101 64 151 102
is_linear=0
shrinkage=0.1


Tree=54
num_leaves=31
num_cat=0
split_feature=4 0 0 0 3 0 3 0 3 6 2 2 2 2 2 2 1 2 2 2 3 3 7 5 2 2 2 0 2 2
split_gain=0.00106421 0.00115497 0.00121725 0.0010343 0.00416299 0.00529685 0.00208529 0.00471956 0.00254851 0.0010229 0.00511804 0.00436935 0.00978843 0.00457948 0.00471116 0.00316944 0.00753971 0.00490977 0.00388432 0.00449992 0.0043782 0.00330027 0.00826206 0.00456327 0.00356622 0.00722993 0.00638446 0.0131761 0.00255913 0.00375197
threshold=1.0000000180025095e-35 0.96739130434782616 0.92391304347826098 0.55434782608695665 1.0000000180025095e-35 0.70652173913043492 1.0000000180025095e-35 0.141304347826087 0.3000000000000001 1.0000000180025095e-35 0.24428302394404086 0.48130212536992201 0.55535377993005131 0.43166532149582992 0.37409200968522999 0.55535377993005131 1.0000000180025095e-35 0.50773473231100352 0.46751412429378525 0.48130212536992201 0.50000000000000011 0.3000000000000001 1.0000000180025095e-35 1.0000000180025095e-35 0.25477535647027172 0.18361581920903949 0.31665321495829968 0.57608695652173936 0.31113801452784501 0.38061608824320686
decision_type=2 2 2 2 2 2 2 2 2 2 2 2 2 2 2 2 2 2 2 2 2 2 2 2 2 2 2 2 2 2
left_child=1 2 9 6 -5 -6 7 -2 -8 15 -11 13 -13 14 -12 17 -17 18 20 -20 21 24 23 -23 25 -1 27 -26 -22 -30
right_child=3 -3 -4 4 5 -7 8 -9 -10 10 11 12 -14 -15 -16 16 -18 -19 19 -21 28 22 -24 -25 26 -27 -28 -29 29 -31
leaf_value=0.00026965121345104616 0.00035501919854949746 -0.00068232267138747769 0.00060711915139108905 0.0014659231653370497 -0.0012727257474103855 0.00078420580724219513 0.0011213687817558068 -0.0013939726569569084 -6.5953896470697748e-05 0.001122952447985881 -0.0010582213489650041 0.001698541956452223 -0.00062442673622475323 -0.0021014981941940886 0.00074942258763171382 -0.00038804540116126941 0.0017662340716015025 -0.0012119658958233363 0.0020174254023368125 4.9830654170364148e-06 -0.0015565275290066859 0.0023091283452231436 -0.0011023680804282778 0.00049690042523610771 -0.0001237869186031564 -0.0014752041562423211 -0.0002379107069781553 0.0028264181222766639 0.00069964214111678307 -0.0011221846838732465
leaf_weight=48 36 28 29 28 21 31 29 27 48 24 46 26 60 24 21 33 32 35 20 25 27 24 20 33 41 47 137 24 20 26
leaf_count=48 36 28 29 28 21 31 29 27 48 24 46 26 60 24 21 33 32 35 20 25 27 24 20 33 41 47 137 24 20 26
internal_value=0 -5.07369e-05 -2.9223e-05 0.000196029 0.000482862 -4.64781e-05 3.21238e-05 -0.000394549 0.00038122 -5.2494e-05 -0.000247408 -0.000433219 7.78661e-05 -0.000916223 -0.000491646 1.36844e-05 0.000672523 -6.75765e-05 1.38333e-05 0.000899402 -7.53179e-05 6.29495e-05 0.000646356 0.00125994 -8.83042e-05 -0.000593593 0.000149332 0.00096552 -0.000783701 -0.000330086
internal_weight=0 850 822 220 80 52 140 63 77 793 201 177 86 91 67 592 65 527 492 45 447 374 77 57 297 95 202 65 73 46
internal_count=1070 850 822 220 80 52 140 63 77 793 201 177 86 91 67 592 65 527 492 45 447 374 77 57 297 95 202 65 73 46
is_linear=0
shrinkage=0.1


Tree=55
num_leaves=31
num_cat=0
split_feature=2 2 1 2 2 2 2 2 2 0 0 3 0 0 2 2 2 2 2 0 0 0 0 3 5 0 0 0 2 2
split_gain=0.00102004 0.00262704 0.00472994 0.00425848 0.00251134 0.00157404 0.00217346 0.00433643 0.00430689 0.00292093 0.00314602 0.00228606 0.00193064 0.0011089 0.00433917 0.00594349 0.00578318 0.00353664 0.00521742 0.0019736 0.00554041 0.00182639 0.00557499 0.00423368 0.00377767 0.00474276 0.00358249 0.00471815 0.00434858 0.010205
threshold=0.68112725316115152 0.60182943233790709 1.0000000180025095e-35 0.58400591875168151 0.72679580306698943 0.56672047350013455 0.54835889157923046 0.52744148506860378 0.50645682001614212 0.90217391304347838 0.815217391304348 1.0000000180025095e-35 0.94565217391304357 0.68478260869565233 0.23856604788808181 0.32492601560398171 0.41209308582189941 0.48809523809523808 0.46751412429378525 0.61956521739130443 0.57608695652173936 0.141304347826087 0.097826086956521799 1.0000000180025095e-35 1.0000000180025095e-35 0.33695652173913049 0.35869565217391308 0.48913043478260876 0.36750067258541835 0.25087436104385258
decision_type=2 2 2 2 2 2 2 2 2 2 2 2 2 2 2 2 2 2 2 2 2 2 2 2 2 2 2 2 2 2
left_child=1 3 -3 5 -2 6 7 8 9 10 13 -12 -11 17 -15 -16 -17 18 19 20 21 22 -1 -23 26 -26 28 -28 29 -25
right_child=4 2 -4 -5 -6 -7 -8 -9 -10 12 11 -13 -14 14 15 16 -18 -19 -20 -21 -22 23 -24 24 25 -27 27 -29 -30 -31
leaf_value=-0.00015659571674508536 0.0012347419947301124 -0.0014706219751105616 0.00027989981182176493 0.0013950429997004739 -0.00023019867879338566 -0.00075095379849829315 0.00086208117467447606 -0.0010627436738056867 0.0011672190362332913 0.0013270823592320086 -0.00029013019961279796 -0.001577363495545631 0.00017648766682084119 -0.0010188513394768961 0.0019848621199818573 -0.0010591616062447429 0.00097074379082187081 -0.0012018314806762367 0.0012312387192650932 -0.00070217280757633299 0.0012274748343219417 -0.00087190415020237068 0.0012738255451300315 0.0018747996650001206 -0.0018717117734592071 -1.762812277553855e-05 -0.00086097673010954168 0.00063052145598799388 0.0020077887666411702 -0.0010032712577542821
leaf_weight=123 22 33 29 22 25 28 29 38 32 25 37 22 35 20 23 25 32 26 32 47 33 82 35 22 22 37 48 38 20 28
leaf_count=123 22 33 29 22 25 28 29 38 32 25 37 22 35 20 23 25 32 26 32 47 33 82 35 22 22 37 48 38 20 28
internal_value=0 -2.0928e-05 -0.00065183 1.97753e-05 0.000455518 -1.24461e-05 1.02523e-05 -1.77557e-05 2.92935e-05 -1.55508e-05 -6.91242e-05 -0.000770115 0.000655902 -9.44384e-06 0.000298596 0.000627957 8.04344e-05 -6.13898e-05 -9.0944e-06 -8.32826e-05 -2.36763e-05 -0.000114419 0.00016027 -0.00026055 -2.73823e-05 -0.000708981 0.000230402 -0.000201943 0.000761568 0.00026308
internal_weight=0 1023 62 961 47 939 911 882 844 812 752 59 60 693 100 80 57 593 567 535 488 455 158 297 215 59 156 86 70 50
internal_count=1070 1023 62 961 47 939 911 882 844 812 752 59 60 693 100 80 57 593 567 535 488 455 158 297 215 59 156 86 70 50
is_linear=0
shrinkage=0.1


Tree=56
num_leaves=31
num_cat=0
split_feature=2 2 0 2 3 3 2 2 2 0 3 2 2 2 2 1 0 0 2 0 0 0 1 2 2 1 1 2 0 0
split_gain=0.00091951 0.0020941 0.00298958 0.00220467 0.00189671 0.00163061 0.00553411 0.00386027 0.00722504 0.00722104 0.00568352 0.00384084 0.00343221 0.00547452 0.00585227 0.00465673 0.00348611 0.0134306 0.00312745 0.00304719 0.00543108 0.00291623 0.00348874 0.00286901 0.00271219 0.00267557 0.00205469 0.00420012 0.00696464 0.00554064
threshold=0.15388754371805216 0.19592413236481029 0.38043478260869568 0.21885929513048155 1.0000000180025095e-35 1.0000000180025095e-35 0.25874361043852573 0.48681732580037662 0.60182943233790709 0.72826086956521752 0.3000000000000001 0.46845574387947264 0.30589184826472965 0.48405972558514931 0.62187247780468125 1.0000000180025095e-35 0.57608695652173936 0.77173913043478271 0.44969061070755989 0.141304347826087 0.054347826086956548 0.57608695652173936 1.0000000180025095e-35 0.71213344094700026 0.53309120258272802 1.0000000180025095e-35 1.0000000180025095e-35 0.37146892655367236 0.57608695652173936 0.33695652173913049
decision_type=2 2 2 2 2 2 2 2 2 2 2 2 2 2 2 2 2 2 2 2 2 2 2 2 2 2 2 2 2 2
left_child=4 2 -2 -3 -1 12 -7 11 9 10 -9 18 15 16 21 -5 19 -18 26 20 -14 22 -15 -10 -12 -21 -8 28 29 -28
right_child=1 3 -4 5 -6 6 7 8 23 -11 24 -13 13 14 -16 -17 17 -19 -20 25 -22 -23 -24 -25 -26 -27 27 -29 -30 -31
leaf_value=0.00027633254368858478 0.0012554470853501699 -0.00079131877132957535 -0.00017336308697445525 -5.0097232646871038e-05 -0.00081985010796128532 0.0012195069971629743 0.00011276639772750926 0.0014763534337648059 -0.00092574527001621713 0.0025316924830390652 0.00055136202392168344 -0.0014466398006995652 -0.00031953388810133899 0.0004346957526412671 0.00043522070045582951 -0.0016597605310380459 0.002832777105504647 -1.0323585161973756e-05 0.00097029595456730859 -0.0015152863452385645 0.0015685916892252865 -0.0016267306381211569 -0.0012718620086088778 0.00053516560961725196 -0.00092164603876881317 8.2824130500243484e-05 -0.00037511463213983615 -0.0010841479908745989 -0.0015816798760897655 0.0015632982955892283
leaf_weight=27 32 35 27 41 38 43 126 35 41 22 25 22 39 23 45 32 24 54 26 20 25 38 25 20 25 22 30 59 20 29
leaf_count=27 32 35 27 41 38 43 126 35 41 22 25 22 39 23 45 32 24 54 26 20 25 38 25 20 25 22 30 59 20 29
internal_value=0 2.35754e-05 0.000601585 -1.24738e-05 -0.000364513 1.74489e-05 0.000132683 3.53215e-05 0.000421787 0.000916939 0.000499003 -0.000172775 -0.000137879 5.29896e-06 -0.000488774 -0.000755703 0.000357057 0.000864477 -7.61374e-05 -1.63267e-05 0.000418015 -0.000972259 -0.000454136 -0.000446758 -0.000185142 -0.000678181 -0.000179195 -0.000445769 3.09951e-05 0.000577665
internal_weight=0 1005 59 946 65 911 523 480 168 107 85 312 388 315 131 73 184 78 290 106 64 86 48 61 50 42 264 138 79 59
internal_count=1070 1005 59 946 65 911 523 480 168 107 85 312 388 315 131 73 184 78 290 106 64 86 48 61 50 42 264 138 79 59
is_linear=0
shrinkage=0.1


Tree=57
num_leaves=31
num_cat=0
split_feature=3 2 2 2 2 1 2 2 2 2 2 2 0 3 2 2 2 6 2 2 0 1 2 0 2 2 2 0 2 2
split_gain=0.000818741 0.00100327 0.00342155 0.00352947 0.00266068 0.00229564 0.00117769 0.00151304 0.0034571 0.0046338 0.000870398 0.00183571 0.00296223 0.00183429 0.00152842 0.00313265 0.00262181 0.00203157 0.00504364 0.0183658 0.0036949 0.00490973 0.00297742 0.00244446 0.0068917 0.00538359 0.0051927 0.00454918 0.00452091 0.00325625
threshold=0.70000000000000018 0.68112725316115152 0.60182943233790709 0.58400591875168151 0.72679580306698943 1.0000000180025095e-35 0.56672047350013455 0.54835889157923046 0.53309120258272802 0.51822706483723435 0.15388754371805216 0.19592413236481029 0.31521739130434789 1.0000000180025095e-35 0.21885929513048155 0.24300511164917946 0.25215227333871398 1.0000000180025095e-35 0.43166532149582992 0.38586225450632228 0.032608695652173954 1.0000000180025095e-35 0.36225450632230288 0.18478260869565219 0.33864675813828354 0.39487489911218726 0.49488835082055421 0.25000000000000011 0.37288135593220334 0.34786117836965297
decision_type=2 2 2 2 2 2 2 2 2 2 2 2 2 2 2 2 2 2 2 2 2 2 2 2 2 2 2 2 2 2
left_child=1 2 3 6 -3 -4 7 8 9 10 13 12 -12 -1 -13 -16 -17 20 19 22 21 -18 -19 24 -22 -26 27 -25 29 -29
right_child=-2 4 5 -5 -6 -7 -8 -9 -10 -11 11 14 -14 -15 15 16 17 18 -20 -21 23 -23 -24 26 25 -27 -28 28 -30 -31
leaf_value=0.00024869930359138246 0.0004622007953003049 0.0012697491340250486 -0.0013482740145263961 0.001261029654944485 -0.00025709734577685595 -0.00010841244199712361 -0.00065931301557741666 0.00072276693619122471 -0.0010787027420398468 0.0014805503954578724 -0.00017925844254807152 -0.00069360752411953667 0.0012380881801558037 -0.00083533017258977875 0.00086296511416992117 -0.0011595417080180986 0.002050887738975386 -0.00033940916709114045 -0.0012412814254110511 0.0024910686206092818 0.00086431251732971184 -0.00013836633064784112 -0.0018218452762812376 0.0012660827013090828 -0.0025116809149039912 -0.00026835996364040865 0.001657181027112529 8.9311515067925403e-05 -0.00048577044179223664 0.0014110610651021655
leaf_weight=27 37 21 32 22 25 28 28 28 30 21 29 34 30 37 39 21 21 42 44 23 22 20 20 26 20 23 20 122 156 22
leaf_count=27 37 21 32 22 25 28 28 28 30 21 29 34 30 37 39 21 21 42 44 23 22 20 20 26 20 23 20 122 156 22
internal_value=0 -1.65551e-05 -3.78305e-05 9.53785e-06 0.000439941 -0.000769672 -2.08852e-05 -5.0205e-07 -2.43554e-05 1.42653e-05 -2.43211e-05 6.51783e-06 0.000541426 -0.000378005 -4.02371e-05 -5.58098e-06 -6.18489e-05 -2.21733e-05 -0.000372201 7.76763e-05 7.77239e-05 0.000982959 -0.000817614 -1.25793e-05 -0.000575246 -0.00131177 9.31241e-05 -2.83034e-06 -0.000112803 0.000291245
internal_weight=0 1033 987 927 46 60 905 877 849 819 798 734 59 64 675 641 602 581 129 85 452 41 62 411 65 43 346 326 300 144
internal_count=1070 1033 987 927 46 60 905 877 849 819 798 734 59 64 675 641 602 581 129 85 452 41 62 411 65 43 346 326 300 144
is_linear=0
shrinkage=0.1


Tree=58
num_leaves=31
num_cat=0
split_feature=7 0 0 0 0 0 2 6 2 2 2 3 2 2 2 0 0 0 0 0 3 0 1 2 2 2 2 2 0 2
split_gain=0.000727549 0.00397276 0.00664088 0.00291385 0.00356514 0.00253067 0.00167476 0.00893862 0.00471819 0.0041163 0.00192814 0.0173309 0.00549641 0.00358985 0.0032927 0.00263911 0.0022288 0.0115489 0.0110174 0.00584575 0.00679365 0.00671237 0.00281211 0.00787168 0.0064391 0.00515916 0.00334682 0.0133826 0.00332481 0.00337951
threshold=1.0000000180025095e-35 0.7934782608695653 0.90217391304347838 0.70652173913043492 0.59782608695652184 0.51086956521739146 0.58400591875168151 1.0000000180025095e-35 0.56672047350013455 0.69646220069948894 0.52044659671778326 1.0000000180025095e-35 0.48809523809523808 0.46690879741727193 0.45137207425343023 0.59782608695652184 0.59782608695652184 0.68478260869565233 0.55434782608695665 0.7934782608695653 0.3000000000000001 0.90217391304347838 1.0000000180025095e-35 0.36750067258541835 0.37146892655367236 0.40422383642722626 0.18361581920903949 0.23856604788808181 0.11956521739130439 0.30064568200161429
decision_type=2 2 2 2 2 2 2 2 2 2 2 2 2 2 2 2 2 2 2 2 2 2 2 2 2 2 2 2 2 2
left_child=6 3 -3 4 5 -2 8 -8 10 -9 12 -12 13 14 16 -15 18 -18 22 20 -19 -21 23 -1 26 -25 -24 -28 -29 -30
right_child=1 2 -4 -5 -6 -7 7 9 -10 -11 11 -13 -14 15 -16 -17 17 19 -20 21 -22 -23 24 25 -26 -27 27 28 29 -31
leaf_value=-0.00011265609832375672 -0.00022933458243987447 0.0017161635720791919 -0.00065489237285440882 -0.0013198285323316949 0.00077145030827523446 -0.0014082340680206904 0.0018416849423139809 -0.00078748796526765966 -0.0015213596151443199 0.00079955890541896226 -0.0010501623262825887 0.0022954157237109031 -0.0013366630601619059 0.0017682043998502196 -0.0011901040925927785 0.0002128322890105968 -0.0017762386853484296 0.0001154806994071061 0.0022015594877302647 -0.0011791178139133587 0.0024511828762479129 0.00060125597665319221 0.0010476362839004392 0.0026556511782109739 -0.0013855593511834742 0.00045958916231503955 -0.0022533816428525217 -0.00056935024052939332 0.001900928828836186 0.00027966130550743809
leaf_weight=111 137 27 21 26 32 21 31 44 20 26 32 30 30 20 23 24 39 33 25 45 20 40 28 20 39 23 24 23 20 36
leaf_count=111 137 27 21 26 32 21 31 44 20 26 32 30 30 20 23 24 39 33 25 45 20 40 28 20 39 23 24 23 20 36
internal_value=0 -0.00014408 0.000678827 -0.000326949 -0.000191081 -0.000386024 4.71926e-05 0.000428033 -7.3675e-06 -0.000198013 3.68367e-05 0.000568666 -1.60902e-05 5.07179e-05 -1.89369e-05 0.00091982 3.22739e-05 -0.000256773 0.000178868 0.000172641 0.000996878 -0.000341295 2.2796e-05 0.00033233 -0.000257605 0.00148101 7.81984e-05 -0.000185338 0.000442928 0.000858685
internal_weight=0 264 48 216 190 158 806 101 705 70 685 62 623 593 549 44 526 177 349 138 53 85 324 154 170 43 131 103 79 56
internal_count=1070 264 48 216 190 158 806 101 705 70 685 62 623 593 549 44 526 177 349 138 53 85 324 154 170 43 131 103 79 56
is_linear=0
shrinkage=0.1


Tree=59
num_leaves=31
num_cat=0
split_feature=2 2 2 0 2 5 2 1 2 2 2 2 2 2 3 0 0 2 7 6 1 2 2 0 0 0 0 0 5 0
split_gain=0.000718231 0.00193544 0.00136469 0.00328356 0.00183469 0.0142423 0.00578955 0.00425348 0.00194471 0.0053491 0.00433897 0.00273714 0.00606821 0.00258989 0.0022509 0.00304437 0.00735569 0.00331142 0.00331023 0.00291626 0.00665619 0.00602004 0.00599915 0.00468006 0.00399583 0.00436057 0.00422086 0.00362342 0.00672123 0.0062032
threshold=0.15388754371805216 0.10862254506322301 0.19592413236481029 0.38043478260869568 0.23305084745762714 1.0000000180025095e-35 0.24562819478073714 1.0000000180025095e-35 0.2652676889965026 0.27522195318805492 0.28652138821630352 0.30064568200161429 0.31248318536454128 0.32425343018563357 0.70000000000000018 0.90217391304347838 0.85869565217391319 0.46125907990314774 1.0000000180025095e-35 1.0000000180025095e-35 1.0000000180025095e-35 0.58400591875168151 0.52347323110034982 0.42391304347826098 0.032608695652173954 0.18478260869565219 0.7934782608695653 0.51086956521739146 1.0000000180025095e-35 0.27173913043478271
decision_type=2 2 2 2 2 2 2 2 2 2 2 2 2 2 2 2 2 2 2 2 2 2 2 2 2 2 2 2 2 2
left_child=1 -1 3 -2 5 7 -6 -4 -8 -10 -11 -12 -13 -14 15 16 18 -17 19 21 -21 24 -22 -24 -15 -26 27 29 -29 -27
right_child=2 -3 4 -5 6 -7 8 -9 9 10 11 12 13 14 -16 17 -18 -19 -20 20 22 -23 23 -25 25 26 -28 28 -30 -31
leaf_value=0.0002319783276107046 0.001172702165786177 -0.00085949865357234196 0.0013752890103205574 -0.00032471105654689449 0.0017115421534981579 -0.0027413329767296095 -0.00070892116725046537 -0.00057349208506084757 0.0016381972700764893 -0.0013141967508709059 0.0010755496118993811 -0.0015738341768155807 0.00083503526275774528 0.0013163384408331836 0.00091021980311220085 9.992131324965627e-05 0.0015879526567757773 -0.0012927837182982521 -0.00046290140592863683 -0.00083241643614283842 0.0012265156049662356 0.0017890392257831991 0.00057861775270187839 -0.0014175875168091255 -0.00099722999713978619 0.0014059697528136896 -0.0010991956850159028 0.0020954016447548981 8.5162815267745507e-05 -0.00067783483024686582
leaf_weight=32 32 33 24 27 20 20 38 21 20 25 24 24 39 26 26 31 29 38 142 88 44 25 24 23 36 20 21 29 39 50
leaf_count=32 32 33 24 27 20 20 38 21 20 25 24 24 39 26 26 31 29 38 142 88 44 25 24 23 36 20 21 29 39 50
internal_value=0 -0.000322156 2.0836e-05 0.000487445 -8.26546e-06 -0.00052097 2.95618e-05 0.000465858 -9.50861e-06 2.2785e-05 -1.74494e-05 2.42199e-05 -9.2442e-06 4.21944e-05 -2.55352e-06 -3.82409e-05 3.45604e-05 -0.000667076 -4.489e-05 9.4775e-05 -0.000212311 0.000318224 0.000387352 -0.000398249 0.000151842 -3.4243e-06 0.000221588 0.000422577 0.000942471 -8.24621e-05
internal_weight=0 65 1005 59 946 65 881 45 861 823 803 778 754 730 691 665 596 69 567 425 179 246 91 47 221 195 159 138 68 70
internal_count=1070 65 1005 59 946 65 881 45 861 823 803 778 754 730 691 665 596 69 567 425 179 246 91 47 221 195 159 138 68 70
is_linear=0
shrinkage=0.1


Tree=60
num_leaves=31
num_cat=0
split_feature=4 3 2 3 0 0 0 2 2 2 2 0 0 0 0 0 7 5 3 0 0 2 0 0 3 2 2 2 2 0
split_gain=0.000692126 0.00133578 0.00275704 0.00210493 0.00536943 0.00347191 0.00251929 0.0012205 0.000811015 0.00397502 0.00248406 0.00253229 0.00698004 0.00439944 0.00438157 0.00244601 0.00411029 0.0058623 0.00594092 0.00235227 0.00475304 0.00251129 0.00233431 0.00473943 0.00458578 0.00313211 0.00345822 0.00721633 0.00350888 0.00289373
threshold=1.0000000180025095e-35 0.50000000000000011 0.59375840731772944 1.0000000180025095e-35 0.57608695652173936 0.53260869565217395 0.18478260869565219 0.72276029055690083 0.37012375571697609 0.37839655636265807 0.33319881624966369 0.141304347826087 0.076086956521739177 0.27173913043478271 0.35869565217391308 0.57608695652173936 1.0000000180025095e-35 1.0000000180025095e-35 1.0000000180025095e-35 0.96739130434782616 0.85869565217391319 0.50645682001614212 0.46739130434782616 0.35869565217391308 0.50000000000000011 0.40852838310465428 0.44969061070755989 0.48405972558514931 0.59779391982781815 0.097826086956521799
decision_type=2 2 2 2 2 2 2 2 2 2 2 2 2 2 2 2 2 2 2 2 2 2 2 2 2 2 2 2 2 2
left_child=7 2 3 4 6 -5 -2 8 10 -10 11 12 -1 -13 -15 -16 17 18 -17 20 22 -22 23 24 25 -11 -27 -28 29 -29
right_child=1 -3 -4 5 -6 -7 -8 -9 9 19 -12 13 -14 14 15 16 -18 -19 -20 -21 21 -23 -24 -25 -26 26 27 28 -30 -31
leaf_value=-0.00020491395139771992 0.00026725551031310768 0.00071516249800980503 0.0011275363056310675 0.00012863522209480161 0.001490278152516112 -0.0011825410062253165 -0.0011060976994816552 -0.00079379890344820781 0.0014485333045013251 0.0013246938807978518 -0.00066649060592421201 -0.0011505449458797414 0.0018632084550336003 0.0012339090377701304 -0.00061791713989805435 0.00035022888206066968 0.0011607886992539439 0.00087229446583097017 -0.0017859635036438705 -0.0010527942862245255 0.00031711408139570903 0.001829635584172571 -0.00032755279985288986 0.0014087060155967871 -0.0012978578743059188 -0.0010992164273098436 0.0018966804214176677 8.1310712266713389e-05 0.00068892570987093055 -0.001580676341439936
leaf_weight=47 34 36 21 46 25 36 22 21 20 21 70 38 25 26 70 23 29 31 30 20 23 21 172 27 24 23 21 20 26 22
leaf_count=47 34 36 21 46 25 36 22 21 20 21 70 38 25 26 70 23 29 31 30 20 23 21 172 27 24 23 21 20 26 22
internal_value=0 0.000158088 4.90951e-05 -8.98452e-05 0.000271722 -0.000447003 -0.000272276 -4.09169e-05 -2.18451e-05 7.11555e-05 -0.000127039 -8.6635e-06 0.000513184 -0.000160781 1.91761e-05 -0.000153409 0.000134339 -0.00022003 -0.000858937 5.5661e-06 5.84841e-05 0.001039 -6.27032e-05 0.000184874 -2.55943e-05 0.000203987 -6.14541e-06 0.000276334 -0.000224068 -0.000789254
internal_weight=0 220 184 163 81 82 56 850 829 440 389 319 72 247 209 183 113 84 53 420 400 44 356 184 157 133 112 89 68 42
internal_count=1070 220 184 163 81 82 56 850 829 440 389 319 72 247 209 183 113 84 53 420 400 44 356 184 157 133 112 89 68 42
is_linear=0
shrinkage=0.1


Tree=61
num_leaves=31
num_cat=0
split_feature=0 2 3 2 2 3 0 2 3 2 0 0 2 0 2 2 2 2 3 0 1 2 1 0 2 2 2 6 2 2
split_gain=0.000722642 0.00402906 0.00106079 0.00104377 0.00238952 0.00266273 0.00678174 0.00950379 0.0110533 0.00635401 0.00558703 0.00498798 0.00539819 0.00706464 0.0112298 0.00477034 0.00429352 0.00913043 0.00359412 0.00292876 0.00283596 0.00279623 0.0027238 0.00269318 0.0076171 0.0022713 0.00486171 0.00320941 0.00732428 0.00450367
threshold=1.0000000180025095e-35 0.38586225450632228 0.70000000000000018 0.16727199354317993 0.19592413236481029 1.0000000180025095e-35 0.076086956521739177 0.30064568200161429 0.3000000000000001 0.22619047619047619 0.18478260869565219 0.25000000000000011 0.48681732580037662 0.64130434782608703 0.56672047350013455 0.45534032822168408 0.59503631961259085 0.53309120258272802 0.50000000000000011 0.77173913043478271 1.0000000180025095e-35 0.42124024751143396 1.0000000180025095e-35 0.59782608695652184 0.37146892655367236 0.65274414850686047 0.48405972558514931 1.0000000180025095e-35 0.38391175679311274 0.4524482109227872
decision_type=2 2 2 2 2 2 2 2 2 2 2 2 2 2 2 2 2 2 2 2 2 2 2 2 2 2 2 2 2 2
left_child=1 -1 3 -2 -5 9 -7 8 22 -6 -9 -12 15 16 -15 18 17 -14 19 21 -10 23 -8 24 -13 26 27 29 -29 -11
right_child=2 -3 -4 4 5 6 7 10 20 25 11 12 13 14 -16 -17 -18 -19 -20 -21 -22 -23 -24 -25 -26 -27 -28 28 -30 -31
leaf_value=0.00064102164073847234 -0.00034793436829710992 -0.0010114944494691574 0.0005532639969411927 0.00084120540114651838 -0.0019401501095853747 0.0019074896350502969 0.002985721152730375 -0.0014337642621549389 -0.00080681549055346613 -0.00031017651630463664 0.001358198101176337 0.00064535185617084316 0.00058316383207135879 0.0027271411990603574 -5.1730275894938542e-05 -0.0017030374979151897 0.00074082357437314046 -0.002177619022317231 0.00048251266695012386 -0.0015197260417044163 0.00071503576959366911 0.00071570132623448789 0.0013751023094214145 -0.001551865669898689 -0.0017886599502526226 0.00085334010401983632 -0.00080345226226118138 -0.00025429696382569346 0.0021979200565034433 0.0012474128898854056
leaf_weight=25 79 36 36 35 20 21 21 31 24 160 24 36 23 26 33 27 26 25 46 25 25 21 21 21 20 23 89 29 21 21
leaf_count=25 79 36 36 35 20 21 21 31 24 160 24 36 23 26 33 27 26 25 46 25 25 21 21 21 20 23 89 29 21 21
internal_value=0 -0.000334234 2.02064e-05 4.83816e-07 3.12724e-05 -1.72831e-06 0.00014889 7.11419e-05 0.000989996 -0.000207532 -0.000146607 -3.35709e-05 -0.000135098 0.000356634 0.00117286 -0.000468773 -0.000294139 -0.000854744 -0.000271583 -0.000553603 -3.03608e-05 -0.000307143 0.00218041 -0.0005861 -0.000223938 -0.000106505 -0.000175494 6.64465e-05 0.000775634 -0.000129462
internal_weight=0 61 1009 973 894 859 496 475 91 363 384 353 329 133 59 196 74 48 169 123 49 98 42 77 56 343 320 231 50 181
internal_count=1070 61 1009 973 894 859 496 475 91 363 384 353 329 133 59 196 74 48 169 123 49 98 42 77 56 343 320 231 50 181
is_linear=0
shrinkage=0.1


Tree=62
num_leaves=31
num_cat=0
split_feature=2 2 2 0 0 0 2 0 0 2 6 1 0 0 0 2 2 2 0 2 0 0 2 2 2 6 0 2 2 2
split_gain=0.000693316 0.00254813 0.00190401 0.00337843 0.0033187 0.00187662 0.00242376 0.00322775 0.00328471 0.00276821 0.00258203 0.00521558 0.00232105 0.00374177 0.00241509 0.00420869 0.00746378 0.00527473 0.00279345 0.009346 0.00352256 0.00172805 0.00206846 0.00346209 0.00154146 0.00299348 0.00770647 0.00620528 0.00831712 0.00495057
threshold=0.37012375571697609 0.33999192897497982 0.38115415657788537 1.0000000180025095e-35 0.076086956521739177 0.90217391304347838 0.31248318536454128 0.141304347826087 0.46739130434782616 0.30064568200161429 1.0000000180025095e-35 1.0000000180025095e-35 0.77173913043478271 0.68478260869565233 0.31521739130434789 0.2210788270110304 0.2652676889965026 0.16727199354317993 0.11956521739130439 0.2247780468119451 0.032608695652173954 0.141304347826087 0.39487489911218726 0.41209308582189941 0.42910949690610711 1.0000000180025095e-35 0.25000000000000011 0.65456012913640038 0.59503631961259085 0.69646220069948894
decision_type=2 2 2 2 2 2 2 2 2 2 2 2 2 2 2 2 2 2 2 2 2 2 2 2 2 2 2 2 2 2
left_child=1 5 -2 -4 -5 6 9 -8 -9 10 12 -12 13 14 18 17 -17 -16 20 -20 -1 -6 -23 -24 -25 26 -26 28 -28 -27
right_child=2 -3 3 4 21 -7 7 8 -10 -11 11 -13 -14 -15 15 16 -18 -19 19 -21 -22 22 23 24 25 29 27 -29 -30 -31
leaf_value=-0.00072226473660391222 0.00075796624694607763 -0.00067090897435823896 -0.00091034498058838338 0.00094351456278846373 -0.00071868559122473632 0.00088002357591429484 0.0014759879659818993 -0.00075017981063057147 0.00077017014574569961 -0.0012538738173051654 0.0015912373922765254 -0.0003959566076186353 0.00064620912523457306 -0.0016402545147866478 -0.0002603931238409132 -0.0019148840443536062 0.00072079627041768456 0.001773970429516899 -0.0020906016424608728 0.00057028235698288138 0.00099105484827998152 0.00093089369967436567 -0.00092555514398150586 0.00080140447404620976 0.0020831252581306864 -0.00064662748065691833 1.4478869377187112e-05 -0.001556822231214028 0.0021304009584820877 0.0010408473375719041
leaf_weight=28 38 65 36 42 30 23 22 27 30 22 25 28 27 20 25 21 22 26 33 22 21 26 36 29 21 101 161 21 21 21
leaf_count=28 38 65 36 42 30 23 22 27 30 22 25 28 27 20 25 21 22 26 33 22 21 26 36 29 21 101 161 21 21 21
internal_value=0 -8.80731e-05 7.35705e-05 2.58512e-05 9.20655e-05 1.70015e-06 -4.893e-05 0.000447114 5.00044e-05 -0.000171391 -9.1476e-05 0.000541399 -0.000228384 -0.000336705 -0.000205033 0.000162323 -0.000566396 0.000776733 -0.000537066 -0.00102625 1.20151e-05 1.54897e-05 6.58908e-05 1.11704e-05 0.000101096 4.23997e-05 0.000259473 7.0819e-05 0.000258624 -0.000356161
internal_weight=0 487 583 545 509 422 399 79 57 320 298 53 245 218 198 94 43 51 104 55 49 467 437 411 375 346 224 203 182 122
internal_count=1070 487 583 545 509 422 399 79 57 320 298 53 245 218 198 94 43 51 104 55 49 467 437 411 375 346 224 203 182 122
is_linear=0
shrinkage=0.1


Tree=63
num_leaves=31
num_cat=0
split_feature=0 0 2 2 2 0 0 2 2 2 0 2 2 2 2 2 3 0 2 2 0 0 3 1 0 0 2 2 0 0
split_gain=0.000605846 0.00340028 0.0145847 0.00208528 0.00427468 0.00372117 0.00167117 0.00170557 0.00148424 0.00587028 0.00622471 0.00316814 0.00204015 0.00551444 0.00346006 0.0033758 0.00287358 0.00232648 0.00952969 0.00506045 0.00369585 0.00155365 0.00147522 0.00137231 0.00132889 0.00188431 0.00310321 0.00249068 0.00995849 0.00450409
threshold=0.097826086956521799 0.141304347826087 0.3583535108958838 0.37563895614743076 0.52347323110034982 1.0000000180025095e-35 0.054347826086956548 0.22881355932203393 0.37012375571697609 0.38976324993274147 0.59782608695652184 0.41209308582189941 0.27522195318805492 0.23856604788808181 0.29149852031207962 0.30723701910142587 0.50000000000000011 0.2934782608695653 0.22450901264460585 0.16727199354317993 0.59782608695652184 0.68478260869565233 1.0000000180025095e-35 1.0000000180025095e-35 0.96739130434782616 0.88043478260869579 0.53477266612859842 0.59375840731772944 0.38043478260869568 0.70652173913043492
decision_type=2 2 2 2 2 2 2 2 2 2 2 2 2 2 2 2 2 2 2 2 2 2 2 2 2 2 2 2 2 2
left_child=3 2 -2 6 5 -5 7 -1 12 10 -10 22 13 17 -14 -16 -17 -3 19 23 -21 -15 -11 -19 25 27 -27 -13 -29 -30
right_child=1 8 -4 4 -6 -7 -8 -9 9 11 -12 24 14 21 15 16 -18 18 -20 20 -22 -23 -24 -25 -26 26 -28 28 29 -31
leaf_value=0.00031348533822373224 0.0026608356072202973 -0.0010334841288333278 -0.00086309602726638939 -0.00038538440334377814 -0.00067688066487175394 0.0013158628015339168 -0.0012789564731065185 -0.00074044685234719724 0.0023424364575792269 -0.0014033495049391475 -6.9771887501701721e-05 -0.00011144085996286607 -0.0013462413333400038 0.0005103981122374535 0.00097500789533590997 -0.00064666125687624736 0.00050074439578955729 0.00023342819185927512 -0.0018269982334459202 0.0020453866758464796 0.00025268347589704006 0.0016096672089770437 -0.00027646190798035468 -0.00088466852928673761 -0.00064545281752741537 0.0016678050428163263 -7.2689807885104702e-05 0.0020991576102527758 -0.0012737009910779307 0.00057828077948090205
leaf_weight=28 23 31 24 20 37 36 22 34 23 21 20 231 32 36 21 99 28 21 24 23 23 20 26 23 23 20 21 27 24 29
leaf_count=28 23 31 24 20 37 36 22 34 23 21 20 231 32 36 21 99 28 21 24 23 23 20 26 23 23 20 21 27 24 29
internal_value=0 3.35004e-05 0.000861381 -0.000169016 0.000157191 0.000708275 -0.000530174 -0.000264477 -1.2493e-05 0.000107403 0.00122048 -6.0152e-06 -0.000158822 6.01589e-05 -0.000403351 -0.000199483 -0.00039369 -0.00026535 -5.64713e-05 0.000415669 0.00114904 0.000902994 -0.000779965 -0.000351031 9.09865e-05 0.000139106 0.000776332 5.50988e-05 0.000535982 -0.000260352
internal_weight=0 893 47 177 93 56 84 62 846 465 43 422 381 201 180 148 127 145 114 90 46 56 47 44 375 352 41 311 80 53
internal_count=1070 893 47 177 93 56 84 62 846 465 43 422 381 201 180 148 127 145 114 90 46 56 47 44 375 352 41 311 80 53
is_linear=0
shrinkage=0.1


Tree=64
num_leaves=31
num_cat=0
split_feature=4 2 0 2 0 3 0 0 2 2 0 0 0 2 2 2 2 0 0 3 2 2 2 2 2 2 2 2 3 0
split_gain=0.00063292 0.00128541 0.00119251 0.00122345 0.00405554 0.00403908 0.0036278 0.00233946 0.000929998 0.00474998 0.00470182 0.00498902 0.00521715 0.00266309 0.00495678 0.00394691 0.00236402 0.00169271 0.00368083 0.00155247 0.00130587 0.00252657 0.00293386 0.00364443 0.0037099 0.00207191 0.00463004 0.00371588 0.00277971 0.00254124
threshold=1.0000000180025095e-35 0.70110304008609103 0.032608695652173954 0.38976324993274147 0.33695652173913049 1.0000000180025095e-35 0.68478260869565233 0.53260869565217395 0.46690879741727193 0.47578692493946728 0.90217391304347838 0.7934782608695653 0.66304347826086973 0.52044659671778326 0.54432337906914185 0.49213075060532696 0.45534032822168408 0.42391304347826098 0.141304347826087 0.70000000000000018 0.43738229755178903 0.41955878396556362 0.39238633306429921 0.38115415657788537 0.37012375571697609 0.32425343018563357 0.31248318536454128 0.30064568200161429 0.50000000000000011 0.076086956521739177
decision_type=2 2 2 2 2 2 2 2 2 2 2 2 2 2 2 2 2 2 2 2 2 2 2 2 2 2 2 2 2 2
left_child=1 8 -2 5 -5 -4 -6 -7 16 -10 11 12 13 15 -15 -11 19 18 -16 20 21 22 23 24 25 26 27 28 29 -1
right_child=2 -3 3 4 6 7 -8 -9 9 10 -12 -13 -14 14 17 -17 -18 -19 -20 -21 -22 -23 -24 -25 -26 -27 -28 -29 -30 -31
leaf_value=-0.00062646969961814396 -0.00047129094816261425 -0.00073141698286725355 0.0013287108650224077 0.0009492234303615987 -0.0012172462877060753 0.0005267645525080817 0.00026622604243183403 -0.0007255172110699977 0.0016233074711635709 0.00055473335616459897 -0.001249359154126768 0.0013241210759588286 -0.0013114758237929049 0.0018284415625120431 -0.00045236476909612188 -0.0012996122371987441 -0.0011027812870452181 -0.00059532578079202019 0.0013179562789673582 -0.00086931705829391092 0.00060724844079231846 -0.00091145154349305815 0.00073107632374740214 -0.001303024855239884 0.0010807205208352413 -0.00055172501216964938 0.0012052241939818488 -0.0013820331837494104 -0.0011244600129430183 0.00026261085944785867
leaf_weight=39 27 26 36 30 32 35 34 26 20 22 26 32 27 22 23 24 22 23 24 22 32 32 50 23 29 78 30 21 20 183
leaf_count=39 27 26 36 30 32 35 34 26 20 22 26 32 27 22 23 24 22 23 24 22 32 32 50 23 29 78 30 21 20 183
internal_value=0 -3.91277e-05 0.000151175 0.000238256 -1.48281e-05 0.000488731 -0.000453033 -6.99489e-06 -1.72836e-05 0.000146988 1.45826e-05 0.000181397 -4.0222e-05 0.000208502 0.000519128 -0.000412751 -8.59893e-05 0.00010763 0.000451629 -4.59724e-05 -1.22414e-05 -5.14962e-05 6.68264e-06 -7.89431e-05 -8.5584e-06 -9.37042e-05 2.82263e-05 -0.000106032 4.69533e-06 0.000106421
internal_weight=0 850 220 193 96 97 66 61 824 243 223 197 165 138 92 46 581 70 47 559 537 505 473 423 400 371 293 263 242 222
internal_count=1070 850 220 193 96 97 66 61 824 243 223 197 165 138 92 46 581 70 47 559 537 505 473 423 400 371 293 263 242 222
is_linear=0
shrinkage=0.1


Tree=65
num_leaves=31
num_cat=0
split_feature=3 2 2 2 1 1 1 0 2 2 6 2 3 2 6 5 2 2 3 0 2 2 3 2 0 4 0 2 0 2
split_gain=0.000531579 0.000799885 0.00318649 0.00316722 0.0017176 0.00130716 0.000875191 0.00393712 0.00707746 0.00359897 0.00814308 0.0118542 0.00410911 0.010713 0.00330986 0.0068178 0.00398642 0.00322807 0.00281799 0.00228622 0.00291264 0.005209 0.00630693 0.00428028 0.00395013 0.00261047 0.00316403 0.00197167 0.00179272 0.00302898
threshold=0.70000000000000018 0.60182943233790709 0.68112725316115152 0.58400591875168151 1.0000000180025095e-35 1.0000000180025095e-35 1.0000000180025095e-35 0.076086956521739177 0.37563895614743076 0.31510626849609902 1.0000000180025095e-35 0.29149852031207962 1.0000000180025095e-35 0.22881355932203393 1.0000000180025095e-35 1.0000000180025095e-35 0.50645682001614212 0.54156577885391444 1.0000000180025095e-35 0.31521739130434789 0.41955878396556362 0.37012375571697609 1.0000000180025095e-35 0.4524482109227872 0.40217391304347833 1.0000000180025095e-35 0.59782608695652184 0.24300511164917946 0.77173913043478271 0.39238633306429921
decision_type=2 2 2 2 2 2 2 2 2 2 2 2 2 2 2 2 2 2 2 2 2 2 2 2 2 2 2 2 2 2
left_child=1 3 5 6 -4 -3 7 8 -1 10 11 12 27 -14 15 16 28 19 -17 -8 21 24 -23 -22 -21 26 -26 -9 29 -11
right_child=-2 2 4 -5 -6 -7 17 9 -10 14 -12 -13 13 -15 -16 18 -18 -19 -20 20 23 22 -24 -25 25 -27 -28 -29 -30 -31
leaf_value=-0.00044642310715668526 0.00037242725013277017 -0.0011902473763711896 0.001049327709915815 0.0012019464087312704 -0.00018331682160631038 -0.00025465522942665433 -0.00028481989255713856 -0.0019099091645330192 0.0017257434952383242 -0.00082268725265748814 0.0019257059955800123 0.0019582826185135425 0.00091234334817272614 -0.0018349857413506308 -0.0010985064937452239 -0.00021488283805194358 0.001294118760807368 0.00099292666709516197 -0.0016725088841566403 0.0013197064547884193 -0.0015043518908152526 0.0026588701491709801 0.00033380300530032922 0.00014183071512629145 -0.0010838838032979862 0.00078491101018395666 0.00011178539425600321 -0.00057780399336479612 -0.00083255010703578599 0.00069096675321746333
leaf_weight=30 37 32 20 22 26 28 165 25 30 20 22 22 40 22 63 21 26 36 36 22 22 20 28 56 38 24 53 20 25 39
leaf_count=30 37 32 20 22 26 28 165 25 30 20 22 22 40 22 63 21 26 36 36 22 22 20 28 56 38 24 53 20 25 39
internal_value=0 -1.33396e-05 -0.000273566 1.64165e-05 0.000352616 -0.000753638 -1.2403e-05 -0.000113274 0.00063966 -0.000231846 0.00014747 -0.000155795 -0.000590465 -6.25154e-05 -0.000480876 -0.000247878 0.000212066 8.34681e-05 -0.00113549 6.97157e-06 0.000190035 0.000406121 0.00130258 -0.000322477 9.20325e-05 -0.000142827 -0.000387505 -0.00131786 -0.000122855 0.000177864
internal_weight=0 1033 106 927 46 60 905 441 60 381 151 129 107 62 230 167 110 464 57 428 263 185 48 78 137 115 91 45 84 59
internal_count=1070 1033 106 927 46 60 905 441 60 381 151 129 107 62 230 167 110 464 57 428 263 185 48 78 137 115 91 45 84 59
is_linear=0
shrinkage=0.1


Tree=66
num_leaves=31
num_cat=0
split_feature=7 0 0 0 0 0 2 6 2 2 2 3 2 2 2 0 0 0 0 0 3 0 1 2 2 3 2 2 0 0
split_gain=0.000570057 0.00312134 0.0041862 0.00193358 0.00291134 0.00149097 0.00130751 0.00571655 0.00313458 0.0023767 0.0017418 0.013388 0.00436624 0.00248537 0.00224557 0.00194781 0.00168331 0.0097041 0.00874946 0.00552444 0.00612521 0.0048246 0.00198154 0.00669193 0.00517364 0.00570244 0.00265344 0.0099117 0.00243866 0.0025004
threshold=1.0000000180025095e-35 0.7934782608695653 0.90217391304347838 0.70652173913043492 0.59782608695652184 0.51086956521739146 0.58400591875168151 1.0000000180025095e-35 0.56672047350013455 0.69646220069948894 0.52044659671778326 1.0000000180025095e-35 0.48809523809523808 0.46690879741727193 0.45137207425343023 0.59782608695652184 0.59782608695652184 0.68478260869565233 0.55434782608695665 0.7934782608695653 0.3000000000000001 0.90217391304347838 1.0000000180025095e-35 0.37146892655367236 0.36750067258541835 1.0000000180025095e-35 0.18361581920903949 0.23856604788808181 0.11956521739130439 0.27173913043478271
decision_type=2 2 2 2 2 2 2 2 2 2 2 2 2 2 2 2 2 2 2 2 2 2 2 2 2 2 2 2 2 2
left_child=6 3 -3 4 5 -2 8 -8 10 -9 12 -12 13 14 16 -15 18 -18 22 20 -19 -21 24 26 -1 -26 -24 -28 -29 -30
right_child=1 2 -4 -5 -6 -7 7 9 -10 -11 11 -13 -14 15 -16 -17 17 19 -20 21 -22 -23 23 -25 25 -27 27 28 29 -31
leaf_value=-8.9437119727786473e-05 -0.00023484394688458342 0.001425480745146396 -0.00045703690016775259 -0.00109843373239318 0.00069085844133951477 -0.0011397280162089459 0.0015087870952312744 -0.00057029564274919476 -0.0012404645431888638 0.00063563647907253313 -0.00088774121777532864 0.0020527405912677448 -0.0011977092436670016 0.0014908356778323651 -0.00098629951396066217 0.00015461090879398398 -0.0016208579513029412 0.00012994891201907938 0.0019530892614275219 -0.0010443190598420592 0.0023477704479591922 0.00046507914390531374 0.00098163274597027348 -0.0013737787029896983 -3.2373743306379768e-05 0.0022764232797983469 -0.001895983643771615 -0.0004424735225494142 0.0016770331424049803 0.00028248906795245906
leaf_weight=111 137 27 21 26 32 21 31 44 20 26 32 30 30 20 23 24 39 33 25 45 20 40 28 39 20 23 24 23 20 36
leaf_count=111 137 27 21 26 32 21 31 44 20 26 32 30 30 20 23 24 39 33 25 45 20 40 28 39 20 23 24 23 20 36
internal_value=0 -0.000127536 0.000601879 -0.000289628 -0.00017895 -0.000355113 4.17736e-05 0.000378277 -6.43464e-06 -0.000122378 2.95954e-05 0.000535073 -2.07089e-05 3.88358e-05 -1.91215e-05 0.000761986 2.31695e-05 -0.000228028 0.000150568 0.000165598 0.000966863 -0.000334014 1.14841e-05 -0.000223893 0.000271316 0.00120256 0.000118439 -0.000116216 0.000424473 0.000780541
internal_weight=0 264 48 216 190 158 806 101 705 70 685 62 623 593 549 44 526 177 349 138 53 85 324 170 154 43 131 103 79 56
internal_count=1070 264 48 216 190 158 806 101 705 70 685 62 623 593 549 44 526 177 349 138 53 85 324 170 154 43 131 103 79 56
is_linear=0
shrinkage=0.1


Tree=67
num_leaves=31
num_cat=0
split_feature=7 2 0 0 0 0 2 2 2 5 2 3 0 2 3 2 2 2 0 1 2 5 2 0 3 0 1 2 2 0
split_gain=0.000461746 0.00289429 0.00721452 0.00360975 0.00197577 0.0016075 0.00128373 0.00400947 0.00276531 0.00889776 0.00659746 0.0029892 0.00225537 0.00592936 0.00501315 0.00319273 0.00776515 0.0038582 0.00373669 0.0140735 0.0119589 0.00865127 0.0109684 0.00639797 0.00672457 0.00406527 0.0105926 0.00317203 0.00233102 0.0021242
threshold=1.0000000180025095e-35 0.58662900188323919 0.7934782608695653 0.70652173913043492 0.59782608695652184 0.51086956521739146 0.16727199354317993 0.19592413236481029 0.23305084745762714 1.0000000180025095e-35 0.24825127791229482 0.70000000000000018 0.7934782608695653 0.55259617971482389 0.3000000000000001 0.62967446865751953 0.59375840731772944 0.68112725316115152 0.51086956521739146 1.0000000180025095e-35 0.38976324993274147 1.0000000180025095e-35 0.42507398439601829 0.076086956521739177 1.0000000180025095e-35 0.18478260869565219 1.0000000180025095e-35 0.46845574387947264 0.46845574387947264 0.25000000000000011
decision_type=2 2 2 2 2 2 2 2 2 2 2 2 2 2 2 2 2 2 2 2 2 2 2 2 2 2 2 2 2 2
left_child=6 2 3 4 5 -2 -1 -8 9 -9 -10 12 15 14 27 16 18 -17 23 21 -21 22 -20 24 -12 26 -25 -14 -22 -27
right_child=1 -3 -4 -5 -6 -7 7 8 10 -11 11 -13 13 -15 -16 17 -18 -19 19 20 28 -23 -24 25 -26 29 -28 -29 -30 -31
leaf_value=-0.00038851404308493684 -0.00011364343390885062 -0.0010395156057590308 0.0013059715219747483 -0.0015067893580999227 0.00062177263489502374 -0.0010786964764702134 0.0011881988764094612 0.00037789097555252096 0.0018252694691043526 -0.0023274977329128888 3.4171349768755288e-05 0.0011692375049196099 6.8508442340176913e-05 0.00079486299609925486 -0.0019631308118382897 -0.0017039024426291388 0.002047322636575527 4.0495538632967511e-05 -0.0014295497862622142 0.0031422649229945684 -0.00019559406888826439 -0.0020041835140436888 0.0017123480536974968 -0.002731236244047371 0.0021139335704819218 0.0005141394341669237 0.00020995822316035629 -0.0014133881534326067 0.0012661733069398908 -0.00038738436686581795
leaf_weight=65 126 30 36 20 32 20 31 31 21 20 53 22 52 32 26 21 21 32 20 27 24 25 25 24 22 34 25 20 20 113
leaf_count=65 126 30 36 20 32 20 31 31 21 20 53 22 52 32 26 21 21 32 20 27 24 25 25 24 22 34 25 20 20 113
internal_value=0 -0.000114782 3.77312e-06 -0.00023299 -8.98667e-05 -0.000245842 3.75962e-05 7.49743e-05 2.63688e-05 -0.000683046 8.12703e-05 2.3866e-05 -1.70402e-05 -0.000387009 -0.000772926 8.19226e-05 0.000171595 -0.000650681 7.59871e-05 0.0004935 0.0014855 -0.00051267 0.000315949 -0.000141243 0.000644235 -0.000441808 -0.00123063 -0.00034313 0.000468846 -0.000178869
internal_weight=0 264 234 198 178 146 806 741 710 51 659 638 616 130 98 486 433 53 412 141 71 70 45 271 75 196 49 72 44 147
internal_count=1070 264 234 198 178 146 806 741 710 51 659 638 616 130 98 486 433 53 412 141 71 70 45 271 75 196 49 72 44 147
is_linear=0
shrinkage=0.1


Tree=68
num_leaves=31
num_cat=0
split_feature=0 0 6 0 1 2 0 0 2 2 2 2 0 2 2 2 2 2 2 0 3 0 2 6 0 2 2 0 0 3
split_gain=0.000501224 0.00121883 0.00547195 0.00605702 0.00473149 0.00157882 0.00550024 0.00300326 0.00237747 0.00199686 0.00321827 0.00463499 0.0014068 0.00138254 0.00176088 0.00574812 0.00239408 0.00216805 0.00268404 0.00142325 0.00183464 0.00146119 0.00126463 0.00279388 0.00552997 0.00496912 0.00676461 0.00389662 0.00318281 0.00462965
threshold=0.032608695652173954 0.141304347826087 1.0000000180025095e-35 0.097826086956521799 1.0000000180025095e-35 0.20621468926553674 0.27173913043478271 0.51086956521739146 0.2210788270110304 0.23856604788808181 0.27522195318805492 0.29149852031207962 0.53260869565217395 0.30723701910142587 0.36400322841000804 0.37288135593220334 0.3832391713747646 0.39897767016411084 0.41209308582189941 0.33695652173913049 0.50000000000000011 0.61956521739130443 0.42910949690610711 1.0000000180025095e-35 0.25000000000000011 0.65456012913640038 0.59503631961259085 0.85869565217391319 0.61956521739130443 1.0000000180025095e-35
decision_type=2 2 2 2 2 2 2 2 2 2 2 2 2 2 2 2 2 2 2 2 2 2 2 2 2 2 2 2 2 2
left_child=-1 2 3 4 -2 6 -3 -8 -7 -10 12 -12 -11 -13 19 -16 -17 -18 -19 -15 21 -21 -20 24 -24 26 28 -25 -26 -30
right_child=1 5 -4 -5 -6 8 7 -9 9 10 11 13 -14 14 15 16 17 18 22 20 -22 -23 23 27 25 -27 -28 -29 29 -31
leaf_value=-0.00019917768306218386 0.00037255200179060923 -0.0018744954356225208 0.0015439180050244822 0.00092768200007932531 -0.0016412907571066171 0.0010807960274784516 0.0006709398893040738 -0.0005833083055525397 -0.00084234586209748637 0.0013399708538296788 -0.0012023630855765078 0.00082952981548649926 0.00032715619063310446 -0.0010543993440122628 0.0015955915564215201 -0.00092403197732682414 0.0009876799427729567 -0.00088472213108381709 0.00071778437915531084 2.420346265555256e-05 0.0006713690242031589 -0.00089702986610284302 0.0017848264278394971 -0.00062714309591536575 -0.0004985619729757049 -0.0013763180443285301 0.0019363312266900074 0.00081777241050630172 -0.00046759734521745834 0.00096888279791496567
leaf_weight=113 20 20 28 35 28 21 35 42 27 24 32 21 32 23 24 26 24 31 29 36 20 33 21 99 67 21 21 23 37 57
leaf_count=113 20 20 28 35 28 21 35 42 27 24 32 21 32 23 24 26 24 31 29 36 20 33 21 99 67 21 21 23 37 57
internal_value=0 2.35184e-05 0.000335076 -7.27257e-05 -0.00080219 -1.73598e-05 -0.000396969 -1.31955e-05 3.18018e-05 1.54237e-06 3.40459e-05 -2.90886e-05 0.00076122 3.21591e-05 3.87395e-06 8.7183e-05 7.79308e-06 6.4136e-05 9.54226e-06 -0.000353165 -0.000171947 -0.000416386 8.34681e-05 3.03029e-05 0.000240014 8.02061e-05 0.000248267 -0.000354741 2.80843e-05 0.00040346
internal_weight=0 957 111 83 48 846 97 77 749 728 701 645 56 613 592 480 456 430 406 112 89 69 375 346 224 203 182 122 161 94
internal_count=1070 957 111 83 48 846 97 77 749 728 701 645 56 613 592 480 456 430 406 112 89 69 375 346 224 203 182 122 161 94
is_linear=0
shrinkage=0.1


Tree=69
num_leaves=31
num_cat=0
split_feature=7 2 0 0 0 2 3 0 0 0 3 2 2 2 0 2 2 2 2 0 2 0 2 2 2 2 2 2 2 2
split_gain=0.000464876 0.00249748 0.00595273 0.00282076 0.00159318 0.00142468 0.00311323 0.00175571 0.00107405 0.00446319 0.00567595 0.00911627 0.00556355 0.0046515 0.0035107 0.00654693 0.00284539 0.00379559 0.00273389 0.00210362 0.00435558 0.0135105 0.00494552 0.00328921 0.00375063 0.00279321 0.00235789 0.00278291 0.00224201 0.00421079
threshold=1.0000000180025095e-35 0.58662900188323919 0.7934782608695653 0.70652173913043492 0.59782608695652184 0.41955878396556362 1.0000000180025095e-35 0.42391304347826098 0.59782608695652184 0.68478260869565233 0.50000000000000011 0.26789077212806023 0.39487489911218726 0.62469733656174342 0.53260869565217395 0.31329028786655905 0.48681732580037662 0.3221684153887544 0.41955878396556362 0.38043478260869568 0.59503631961259085 0.141304347826087 0.52744148506860378 0.46751412429378525 0.40772128060263657 0.49213075060532696 0.25477535647027172 0.3504842615012107 0.36750067258541835 0.24562819478073714
decision_type=2 2 2 2 2 2 2 2 2 2 2 2 2 2 2 2 2 2 2 2 2 2 2 2 2 2 2 2 2 2
left_child=8 2 3 4 5 7 -7 -2 14 12 11 -11 -10 16 19 -16 17 -13 -19 20 22 -22 23 24 28 26 -21 -28 29 -1
right_child=1 -3 -4 -5 -6 6 -8 -9 9 10 -12 13 -14 -15 15 -17 -18 18 -20 25 21 -23 -24 -25 -26 -27 27 -29 -30 -31
leaf_value=0.00060395413443314427 -0.00020457173015703831 -0.00097417701093945649 0.0011778135079010908 -0.0013461256965820213 0.00054544747454201572 -0.00074020429485244677 0.00089334454823983842 -0.0011755475269164891 -0.0018140905716967201 0.0012880777262900076 0.0012110963109941957 -0.001602892485825578 2.555091499484011e-05 0.00093013504355483412 -0.00040384424584252499 0.0019319162685860647 -0.00137783885042154 0.00053147771171867275 -0.00066034544449250564 -0.00083029871787099793 -0.00054675955679672577 0.0030070259119383993 -0.0012610596233840895 0.0011455793733087679 -0.00083618759867598927 -0.0013713858240017934 0.00094823382018754889 -0.00036430446788602113 0.00092829120371283765 -0.00040954165749272772
leaf_weight=76 73 30 36 20 32 20 28 25 31 37 38 20 35 21 21 28 40 39 38 30 23 20 27 30 41 21 30 35 36 89
leaf_count=76 73 30 36 20 32 20 28 25 31 37 38 20 35 21 21 28 40 39 38 30 23 20 27 30 41 21 30 35 36 89
internal_value=0 -0.000115171 -5.04176e-06 -0.000220106 -9.35873e-05 -0.00023365 0.000212699 -0.00045227 3.77234e-05 -0.000112595 9.30321e-05 -0.000124847 -0.000838523 -0.000455722 0.000126373 0.000930876 -0.000668153 -0.000375498 -5.66948e-05 4.03018e-05 0.000165117 0.00110616 2.97822e-05 0.000157917 3.54797e-05 -0.000327687 -9.69748e-05 0.000241482 0.000213283 5.72806e-05
internal_weight=0 264 234 198 178 146 48 98 806 299 233 195 66 158 507 49 137 97 77 458 342 43 299 272 242 116 95 65 201 165
internal_count=1070 264 234 198 178 146 48 98 806 299 233 195 66 158 507 49 137 97 77 458 342 43 299 272 242 116 95 65 201 165
is_linear=0
shrinkage=0.1


Tree=70
num_leaves=31
num_cat=0
split_feature=2 2 2 0 0 2 5 3 1 2 2 0 2 5 2 2 3 0 0 3 3 2 0 3 2 2 2 0 3 2
split_gain=0.000476889 0.00218546 0.00174754 0.00114289 0.00102769 0.00566817 0.00307454 0.00119849 0.00136268 0.00831497 0.00449838 0.00300414 0.00278727 0.00285685 0.00331835 0.00490825 0.00359031 0.00437465 0.00728392 0.0027296 0.00268511 0.00342958 0.00224037 0.0022003 0.00200742 0.00198524 0.00431443 0.00231629 0.00417718 0.00769712
threshold=0.60182943233790709 0.58400591875168151 0.63317191283292984 0.70652173913043492 0.88043478260869579 0.46690879741727193 1.0000000180025095e-35 0.70000000000000018 1.0000000180025095e-35 0.53874092009685237 0.54156577885391444 0.11956521739130439 0.49488835082055421 1.0000000180025095e-35 0.4524482109227872 0.41680118375033631 0.3000000000000001 0.66304347826086973 0.22826086956521749 0.50000000000000011 1.0000000180025095e-35 0.36400322841000804 0.31521739130434789 1.0000000180025095e-35 0.37563895614743076 0.16727199354317993 0.22619047619047619 0.44565217391304357 0.3000000000000001 0.46320957761635734
decision_type=2 2 2 2 2 2 2 2 2 2 2 2 2 2 2 2 2 2 2 2 2 2 2 2 2 2 2 2 2 2
left_child=1 4 -2 -4 7 6 -6 8 9 11 22 24 13 14 15 16 17 18 -13 -18 -15 -22 -10 -20 -1 -24 -27 -28 29 -29
right_child=2 -3 3 -5 5 -7 -8 -9 10 -11 -12 12 -14 20 -16 -17 19 -19 23 -21 21 -23 25 -25 -26 26 27 28 -30 -31
leaf_value=6.856035429220169e-05 -0.00091363467508926994 0.001007698124951937 -0.00027558843750739468 0.00048263797736691424 -0.00069514925523502078 0.0016380529171631981 0.00067911738253853939 -0.00062586383110928268 -0.00025715257733474687 -0.0017748236834826269 0.0012937712071773907 0.0015245239564683289 0.00095004551971907773 -0.0017538211086676235 -0.0012222302961163224 0.0015560119709698483 -0.0014110474397117895 0.0013219709075875236 -0.0013706664044198429 7.5450185561619175e-05 0.00042648296487944511 -0.0013465870593790898 -0.00067565981794773103 -0.00017680803614080344 0.0011198178193915418 0.0017192132497439163 -0.00049001924898021108 0.00051192019770193535 0.0011356650103636562 -0.0015247173368697986
leaf_weight=39 26 22 50 33 41 24 27 33 165 29 30 20 21 21 22 20 30 27 26 21 24 20 22 38 34 20 41 72 47 25
leaf_count=39 26 22 50 33 41 24 27 33 165 29 30 20 21 21 22 20 30 27 26 21 24 20 22 38 34 20 41 72 47 25
internal_value=0 2.24837e-05 -0.000198228 2.58751e-05 -5.99029e-07 0.00031683 -0.000149485 -3.50777e-05 -1.11269e-05 -0.000145372 0.000113575 -1.51954e-05 -0.00015953 -0.000246151 -6.21967e-05 7.80271e-05 -0.00010444 0.000214664 -0.000141257 -0.00079896 -0.000823483 -0.000379458 2.32535e-05 -0.000661813 0.000558187 0.000227073 0.000323951 0.000173112 0.000361921 -1.29864e-05
internal_weight=0 961 109 83 939 92 68 847 814 392 422 363 290 269 204 182 162 111 84 51 65 44 392 64 73 227 205 185 144 97
internal_count=1070 961 109 83 939 92 68 847 814 392 422 363 290 269 204 182 162 111 84 51 65 44 392 64 73 227 205 185 144 97
is_linear=0
shrinkage=0.1


Tree=71
num_leaves=31
num_cat=0
split_feature=2 2 0 0 0 6 7 0 0 0 1 2 2 2 2 1 0 2 0 0 0 2 2 2 2 2 2 2 0 0
split_gain=0.000467019 0.00405611 0.00154411 0.00570987 0.002733 0.00206453 0.00430637 0.00932941 0.00686672 0.00368327 0.00267707 0.00259465 0.00236016 0.00124694 0.00100721 0.0039968 0.00136384 0.00115926 0.00119796 0.00346587 0.00199509 0.00266573 0.0011451 0.00166871 0.00401818 0.00167726 0.00244956 0.00197882 0.00187631 0.0045218
threshold=0.44969061070755989 0.46125907990314774 0.90217391304347838 0.8369565217391306 0.75000000000000011 1.0000000180025095e-35 1.0000000180025095e-35 0.11956521739130439 0.38043478260869568 0.054347826086956548 1.0000000180025095e-35 0.54028786655905303 0.54432337906914185 0.54835889157923046 0.41955878396556362 1.0000000180025095e-35 0.90217391304347838 0.40772128060263657 0.70652173913043492 0.77173913043478271 0.815217391304348 0.30064568200161429 0.39238633306429921 0.37288135593220334 0.36400322841000804 0.33999192897497982 0.31248318536454128 0.28241861716437988 0.141304347826087 0.46739130434782616
decision_type=2 2 2 2 2 2 2 2 2 2 2 2 2 2 2 2 2 2 2 2 2 2 2 2 2 2 2 2 2 2
left_child=14 -2 3 4 5 6 7 -3 -9 -7 -11 -12 -10 -8 16 -16 17 18 22 -20 -21 -22 23 24 25 26 27 -1 -28 -30
right_child=1 2 -4 -5 -6 9 13 8 12 10 11 -13 -14 -15 15 -17 -18 -19 19 20 21 -23 -24 -25 -26 -27 28 -29 29 -31
leaf_value=4.2281605601195748e-05 0.0013200290874810889 -0.0011581623113306706 -0.00059143112090308801 0.0015259167855838315 -0.0009363946752742894 0.00087596906417853791 -0.00066225892273572885 0.0025776676177674046 0.0012098930978580663 -0.0012640211152542822 -0.0010163890593685211 0.00043555775555432775 -0.00027544599319298871 0.00024531412345822899 0.00031170357434478195 -0.0012475380091927946 0.00056270153249781101 -0.0007286577429719425 -0.0012766638239554596 0.00077806087210774422 -0.0011915731307817624 0.00044113180774729699 0.00063333337255302947 -0.00060290464153229379 0.0013806408059529283 -0.000649123531493879 0.0013535932870581747 -0.00069834770672673062 -0.00060956029143805315 0.0013742844307853377
leaf_weight=224 25 20 39 25 31 22 41 26 23 34 20 32 20 24 35 31 39 24 28 24 20 20 31 41 22 37 22 43 27 20
leaf_count=224 25 20 39 25 31 22 41 26 23 34 20 32 20 24 35 31 39 24 28 24 20 20 31 41 22 37 22 43 27 20
internal_value=0 8.86621e-05 2.43192e-06 7.52642e-05 -4.85116e-05 5.65432e-05 0.000291621 0.000743536 0.00129475 -0.00027866 -0.000574031 -0.000122883 0.000519038 -0.000327155 -4.92281e-05 -0.000420667 -9.8149e-06 -4.81136e-05 -1.88952e-05 -0.000348717 5.72599e-05 -0.000375221 4.60803e-05 4.3261e-06 6.73551e-05 -1.01041e-05 6.02641e-05 -7.69958e-05 0.0005914 0.000234629
internal_weight=0 382 357 318 293 262 154 89 69 108 86 52 43 65 688 66 622 583 559 92 64 40 467 436 395 373 336 267 69 47
internal_count=1070 382 357 318 293 262 154 89 69 108 86 52 43 65 688 66 622 583 559 92 64 40 467 436 395 373 336 267 69 47
is_linear=0
shrinkage=0.1


Tree=72
num_leaves=31
num_cat=0
split_feature=2 2 2 2 3 2 5 0 2 2 0 2 2 2 2 7 0 6 2 2 2 2 2 0 0 1 2 2 0 0
split_gain=0.000456383 0.00125536 0.00119266 0.00111409 0.00966124 0.00110243 0.0116285 0.00494678 0.00374835 0.00094566 0.00277914 0.00225715 0.00189224 0.00317414 0.00192823 0.00153759 0.00325904 0.00147858 0.00455692 0.00983007 0.00401319 0.00323853 0.00482501 0.00431123 0.00819967 0.00454472 0.00270078 0.00254439 0.00238273 0.00231022
threshold=0.10862254506322301 0.15388754371805216 0.17507398439601832 0.20621468926553674 1.0000000180025095e-35 0.24300511164917946 1.0000000180025095e-35 0.44565217391304357 0.25215227333871398 0.27522195318805492 0.51086956521739146 0.28652138821630352 0.30064568200161429 0.31248318536454128 0.32425343018563357 1.0000000180025095e-35 0.88043478260869579 1.0000000180025095e-35 0.38586225450632228 0.43166532149582992 0.58400591875168151 0.3832391713747646 0.36750067258541835 0.77173913043478271 0.61956521739130443 1.0000000180025095e-35 0.34678504170029595 0.44013989776701645 0.25000000000000011 0.85869565217391319
decision_type=2 2 2 2 2 2 2 2 2 2 2 2 2 2 2 2 2 2 2 2 2 2 2 2 2 2 2 2 2 2
left_child=-1 -2 -3 4 -4 6 7 -5 -7 10 -10 -11 -13 -14 -15 17 -17 20 -19 -20 21 22 26 24 25 27 -16 -23 -27 -21
right_child=1 2 3 5 -6 8 -8 -9 9 11 -12 12 13 14 15 16 -18 18 19 29 -22 23 -24 -25 -26 28 -28 -29 -30 -31
leaf_value=0.00037196030326640543 -0.00061835981729073516 0.00066409619369854535 0.0010236146923323925 0.0025497380699380304 -0.0018775901616057428 -0.0013352118421434648 -0.0013850915858157628 0.00035223978726814191 -0.00032609088812023406 -0.00094275394361466184 0.0012634034726281907 0.00089671464617519328 -0.0011368174813014777 0.00071606762438209564 0.00063108852999802271 -0.00043066571873312472 0.00084659180391336909 -0.0012019291223788805 0.0020071278063013504 -0.0003654045160187503 0.001300167184320256 -0.00050468931383627273 0.0017842765152454377 -0.00092324819351051696 0.0015103185847264661 -0.00027789856959134339 -0.00081825790286529823 0.00086772128939628613 -0.0016585450135171414 0.00071942242743123488
leaf_weight=32 33 27 22 20 24 21 23 21 22 25 22 24 24 39 36 152 23 33 23 134 31 22 25 50 34 25 20 35 25 23
leaf_count=32 33 27 22 20 24 21 23 21 22 25 22 24 24 39 36 152 23 33 23 134 31 22 25 50 34 25 20 35 25 23
internal_value=0 -1.1467e-05 8.46084e-06 -9.63952e-06 -0.000490057 1.40721e-05 0.000414605 0.00142419 -1.54603e-05 1.72609e-05 0.000468656 -7.47314e-06 2.25809e-05 -5.24301e-06 3.19594e-05 -6.65159e-06 -0.000262798 8.02196e-05 -0.000121677 7.63692e-05 0.000222147 9.92844e-05 0.000629147 -0.000125422 0.000157495 -0.000272374 0.000113465 0.000338019 -0.000968222 -0.000206481
internal_weight=0 1038 1005 978 46 932 64 41 868 847 44 803 778 754 730 691 175 516 213 180 303 272 81 191 141 107 56 57 50 157
internal_count=1070 1038 1005 978 46 932 64 41 868 847 44 803 778 754 730 691 175 516 213 180 303 272 81 191 141 107 56 57 50 157
is_linear=0
shrinkage=0.1


Tree=73
num_leaves=31
num_cat=0
split_feature=2 2 3 2 0 2 5 3 1 2 2 0 2 5 0 0 4 0 0 2 3 2 0 0 2 6 2 2 5 0
split_gain=0.000451589 0.00169813 0.00161848 0.00154939 0.000746093 0.00477434 0.00265689 0.00107133 0.00136135 0.00669829 0.00365234 0.00228573 0.00696448 0.00273538 0.00516932 0.00833068 0.00338314 0.00350213 0.00302519 0.00283008 0.00460229 0.00865377 0.00195492 0.00188199 0.0049963 0.00475552 0.00616624 0.0052274 0.00368943 0.0022382
threshold=0.60182943233790709 0.58400591875168151 0.3000000000000001 0.68112725316115152 0.88043478260869579 0.46690879741727193 1.0000000180025095e-35 0.70000000000000018 1.0000000180025095e-35 0.53874092009685237 0.54156577885391444 0.076086956521739177 0.37563895614743076 1.0000000180025095e-35 0.31521739130434789 0.59782608695652184 1.0000000180025095e-35 0.22826086956521749 0.48913043478260876 0.42507398439601829 0.3000000000000001 0.30064568200161429 0.31521739130434789 0.38043478260869568 0.25215227333871398 1.0000000180025095e-35 0.37288135593220334 0.33212267958030672 1.0000000180025095e-35 0.57608695652173936
decision_type=2 2 2 2 2 2 2 2 2 2 2 2 2 2 2 2 2 2 2 2 2 2 2 2 2 2 2 2 2 2
left_child=1 4 3 -2 7 6 -6 8 9 11 22 12 -1 16 -15 -16 17 -13 -19 20 21 -20 -10 -24 29 26 27 -26 -28 -25
right_child=2 -3 -4 -5 5 -7 -8 -9 10 -11 -12 13 -14 14 15 -17 -18 18 19 -21 -22 -23 23 24 25 -27 28 -29 -30 -31
leaf_value=-0.00045596475198787334 -0.00030572288140485234 0.00089032893196086993 -0.00075319965450554652 0.00062626331365512071 -0.00066322300500781621 0.0014845802811275159 0.00061429543765606715 -0.00058641219119167417 -0.00022388014636155938 -0.0016018710482277475 0.0011828772207566848 0.0010922019273936245 0.0018039655967149884 -0.0019002167788921328 0.0011789312339645292 -0.0013068981237925725 -0.00079278240213170653 -0.0005694618155023802 0.0019972481971225618 0.001175596618800071 -0.0011938654944639315 -0.00074852468775740526 0.0010859709982152866 -0.0015683776776313609 0.00017085168906305626 0.0015149724151518557 -0.001006111759773415 0.0022317406452930298 0.00046647248048059368 -0.00018329267477383839
leaf_weight=30 44 22 35 30 41 24 27 33 165 29 30 37 25 23 26 28 40 57 22 29 22 24 23 20 32 31 46 20 27 28
leaf_count=30 44 22 35 30 41 24 27 33 165 29 30 37 25 23 26 28 40 57 22 29 22 24 23 20 32 31 46 20 27 28
internal_value=0 2.18792e-05 -0.000192898 7.21094e-05 1.53212e-06 0.000271997 -0.000155973 -2.78455e-05 -5.20086e-06 -0.00013938 0.00011944 -2.2542e-05 0.000571276 -0.000128581 -0.000644752 -0.000110017 4.34761e-05 0.000218609 8.71952e-06 0.000348476 -4.26725e-06 0.000564671 3.80541e-05 0.000228447 0.000131765 0.000406281 0.000131325 0.000963501 -0.000461457 -0.000760411
internal_weight=0 961 109 74 939 92 68 847 814 392 422 363 55 308 77 54 231 191 154 97 68 46 392 227 204 156 125 52 73 48
internal_count=1070 961 109 74 939 92 68 847 814 392 422 363 55 308 77 54 231 191 154 97 68 46 392 227 204 156 125 52 73 48
is_linear=0
shrinkage=0.1


Tree=74
num_leaves=31
num_cat=0
split_feature=2 2 2 2 3 2 2 0 3 2 2 2 1 1 5 2 2 0 2 0 0 2 0 0 1 7 0 2 2 1
split_gain=0.000472042 0.00088333 0.00115272 0.000841457 0.0053091 0.00204788 0.0032226 0.00101206 0.000867308 0.000738239 0.00221384 0.00143356 0.0013327 0.00132598 0.00084399 0.00555785 0.00422131 0.00479026 0.00562972 0.00482152 0.002026 0.00243152 0.00174834 0.00343928 0.00896601 0.00386706 0.00585573 0.00393593 0.00605579 0.00411402
threshold=0.10862254506322301 0.15388754371805216 0.17507398439601832 0.21885929513048155 1.0000000180025095e-35 0.24300511164917946 0.25215227333871398 0.96739130434782616 0.70000000000000018 0.60182943233790709 0.68112725316115152 0.58400591875168151 1.0000000180025095e-35 1.0000000180025095e-35 1.0000000180025095e-35 0.26789077212806023 0.28652138821630352 0.076086956521739177 0.46751412429378525 0.2934782608695653 0.53260869565217395 0.38061608824320686 0.40217391304347833 0.59782608695652184 1.0000000180025095e-35 1.0000000180025095e-35 0.7934782608695653 0.41209308582189941 0.44013989776701645 1.0000000180025095e-35
decision_type=2 2 2 2 2 2 2 2 2 2 2 2 2 2 2 2 2 2 2 2 2 2 2 2 2 2 2 2 2 2
left_child=-1 -2 -3 4 -4 -5 -7 8 9 11 13 14 -12 -11 15 -8 -16 -18 19 -19 -21 -22 -17 24 -24 27 -27 -25 -29 -30
right_child=1 2 3 5 -6 6 7 -9 -10 10 12 -13 -14 -15 16 22 17 18 -20 20 21 -23 23 25 -26 26 -28 28 29 -31
leaf_value=0.00037828767267455987 -0.00052074548368567992 0.0006496186092219971 0.00063380976498592654 0.00068604061501858712 -0.0011563281319025476 -0.0012446567671196094 -0.0015654422613569415 -0.00057116519370726474 0.00054878467091193969 -0.0011336701506134605 0.00088578796014189727 0.0008597860401052805 -0.00021949052831284158 -0.00015019473951094999 0.0015749455615878104 -0.00019342208599284442 0.0012787352667566246 -0.0019177522806620056 0.00079404109448660181 0.00047936148341530218 0.00015705474864014172 -0.0012713851147474579 -0.0002585409476564059 -0.0011563277687876741 0.0017857878839472173 -0.000151187450123521 0.0018891968849030407 0.0014800151133732428 0.00042456025409552716 -0.0014114735658110407
leaf_weight=32 33 27 30 43 37 21 23 29 31 29 20 21 24 26 20 202 26 22 40 26 22 26 45 43 41 39 22 21 23 26
leaf_count=32 33 27 30 43 37 21 23 29 31 29 20 21 24 26 20 202 26 22 40 26 22 26 45 43 41 39 22 21 23 26
internal_value=0 -1.1662e-05 5.05412e-06 -1.27406e-05 -0.000354774 1.24144e-05 -2.09565e-05 9.38322e-06 2.9965e-05 9.52866e-06 -0.000245793 4.62683e-05 0.000282909 -0.000668755 2.06553e-05 -4.82529e-05 0.000204284 3.50667e-05 -0.000202694 -0.000618 -0.000231587 -0.000616684 2.72782e-05 0.000198745 0.000716081 -5.69493e-05 0.000584689 -0.00040332 5.92413e-05 -0.000549662
internal_weight=0 1038 1005 978 67 911 868 847 818 787 99 688 44 55 667 485 182 162 136 96 74 48 462 260 86 174 61 113 70 49
internal_count=1070 1038 1005 978 67 911 868 847 818 787 99 688 44 55 667 485 182 162 136 96 74 48 462 260 86 174 61 113 70 49
is_linear=0
shrinkage=0.1


Tree=75
num_leaves=31
num_cat=0
split_feature=2 2 2 0 0 0 2 0 2 0 2 1 0 0 0 3 0 1 2 2 2 0 2 1 0 2 2 2 2 5
split_gain=0.000496317 0.00393454 0.00340632 0.00203119 0.0017053 0.00181997 0.00180975 0.00178198 0.00446883 0.00327261 0.00321348 0.00205477 0.00159903 0.00236799 0.00287686 0.00302042 0.00173734 0.00142054 0.00134285 0.00713078 0.0035812 0.00359136 0.00411163 0.00246283 0.00162881 0.00138149 0.00265231 0.00200144 0.00482118 0.0059041
threshold=0.52347323110034982 0.50645682001614212 0.54156577885391444 0.90217391304347838 0.90217391304347838 0.815217391304348 0.3221684153887544 0.054347826086956548 0.38391175679311274 0.141304347826087 0.28887543718052189 1.0000000180025095e-35 0.7934782608695653 0.42391304347826098 0.141304347826087 0.3000000000000001 0.64130434782608703 1.0000000180025095e-35 0.23856604788808181 0.25874361043852573 0.19188861985472158 0.31521739130434789 0.15388754371805216 1.0000000180025095e-35 0.18478260869565219 0.4785445251546947 0.46125907990314774 0.37012375571697609 0.38976324993274147 1.0000000180025095e-35
decision_type=2 2 2 2 2 2 2 2 2 2 2 2 2 2 2 2 2 2 2 2 2 2 2 2 2 2 2 2 2 2
left_child=1 4 -2 12 5 7 -7 8 17 10 -9 -12 13 14 -4 -16 -15 -1 20 -20 21 -11 -23 -22 -21 26 27 -26 -29 -30
right_child=2 -3 3 -5 -6 6 -8 9 -10 18 11 -13 -14 16 15 -17 -18 -19 19 24 23 22 -24 -25 25 -27 -28 28 29 -31
leaf_value=0.00063818674160367149 -0.0010385021581065044 0.0012715750187635424 -0.00028663817607189733 -0.00081087815167848023 0.00051093656239875899 -0.0012691112376911485 -0.00013352583806004582 -8.0684531518879042e-05 -0.0012994426949548402 -0.0009647867345483974 0.00055586437971214767 0.0019721443753778225 0.00087632570961991758 -0.001001249647855855 0.0017172166536076239 9.6582426466857615e-05 3.8787050349734886e-05 -0.00029539436785480346 0.0017436094683944249 -0.00083184219013977183 -0.00023543090937891976 -0.00016573971360199282 0.001647194152147594 -0.001561767067427614 -0.00020103876635331811 0.00064598264179949183 -0.00099125498371129797 0.0013567110235967181 0.00047356151208597508 -0.001223300765107932
leaf_weight=28 35 25 36 25 60 23 36 30 35 20 20 21 26 29 23 23 36 39 24 24 28 29 22 28 153 32 27 34 70 29
leaf_count=28 35 25 36 25 60 23 36 30 35 20 20 21 26 29 23 23 36 39 24 24 28 29 22 28 153 32 27 34 70 29
internal_value=0 3.59338e-05 -0.000129084 3.16718e-05 -2.10938e-06 -4.30439e-05 -0.000576212 2.34846e-06 -0.000383644 6.89664e-05 0.0007058 0.00128128 0.000153428 2.5568e-05 0.000382907 0.0009069 -0.000425229 9.47589e-05 -1.79859e-05 7.33659e-05 -0.000300673 0.000170931 0.00061631 -0.000898599 -3.52678e-05 2.0146e-05 -4.38372e-05 4.56043e-05 0.000329337 -2.34992e-05
internal_weight=0 837 233 198 812 752 59 693 102 591 71 41 173 147 82 46 65 67 520 393 127 71 51 56 369 345 313 286 133 99
internal_count=1070 837 233 198 812 752 59 693 102 591 71 41 173 147 82 46 65 67 520 393 127 71 51 56 369 345 313 286 133 99
is_linear=0
shrinkage=0.1


Tree=76
num_leaves=31
num_cat=0
split_feature=7 2 0 0 0 0 0 0 0 3 2 2 2 0 2 3 0 0 2 0 2 2 2 3 1 2 0 2 2 2
split_gain=0.000515841 0.0019221 0.00364784 0.00224538 0.00203022 0.00130525 0.00114207 0.00102324 0.00343281 0.00456379 0.00803001 0.00417921 0.00328248 0.00286313 0.00263496 0.00251388 0.00199616 0.00135668 0.00317048 0.00966618 0.00449656 0.00229991 0.00289077 0.00251566 0.00362978 0.00127897 0.00349654 0.00144031 0.00172793 0.00087431
threshold=1.0000000180025095e-35 0.58662900188323919 0.7934782608695653 0.68478260869565233 0.59782608695652184 0.51086956521739146 0.33695652173913049 0.59782608695652184 0.68478260869565233 0.50000000000000011 0.26789077212806023 0.39487489911218726 0.62469733656174342 0.55434782608695665 0.48681732580037662 1.0000000180025095e-35 0.90217391304347838 0.38043478260869568 0.59503631961259085 0.141304347826087 0.52744148506860378 0.46751412429378525 0.40772128060263657 0.3000000000000001 1.0000000180025095e-35 0.25477535647027172 0.51086956521739146 0.3504842615012107 0.48681732580037662 0.18018563357546405
decision_type=2 2 2 2 2 2 2 2 2 2 2 2 2 2 2 2 2 2 2 2 2 2 2 2 2 2 2 2 2 2
left_child=7 2 3 4 5 6 -2 13 11 10 -10 -9 14 17 15 16 -12 18 20 -20 21 22 23 29 -25 -19 27 -27 -29 -1
right_child=1 -3 -4 -5 -6 -7 -8 8 9 -11 12 -13 -14 -15 -16 -17 -18 25 19 -21 -22 -23 -24 24 -26 26 -28 28 -30 -31
leaf_value=-0.00051833485963288697 -0.0002805465146097545 -0.00087490699991273383 0.000901251555316978 -0.0010405392084201729 0.00077343299752101306 -0.00095231552113546065 0.00037544425010166475 -0.0015891534100979524 0.0012040591955254157 0.0010759139945883745 0.00051157915509783807 5.2727474914198479e-06 0.00073163431093451522 0.0010126195182024009 -0.0012939459079643713 -0.00096371769660005444 -0.00070326832633110748 -0.00072857362286803053 -0.00042787036104330231 0.002578087237197906 -0.0011789520713069513 0.00099996690929401674 -0.0006935505579061035 0.0018428568816965538 0.00012868300701181093 0.00027350408975811055 0.001052753895814733 -0.0012305722968169275 -4.067237326956314e-05 0.00012948369337245822
leaf_weight=25 88 30 36 27 25 20 38 31 37 38 38 35 21 34 40 38 21 35 23 20 27 30 41 21 30 24 23 26 23 125
leaf_count=25 88 30 36 27 25 20 38 31 37 38 38 35 21 34 40 38 21 35 23 20 27 30 41 21 30 24 23 26 23 125
internal_value=0 -0.00012132 -2.4706e-05 -0.000193062 -5.92497e-05 -0.000201832 -8.2708e-05 3.97375e-05 -0.000106982 7.33541e-05 -0.000122017 -0.000743624 -0.000432553 0.000126265 -0.000611005 -0.00032938 7.91758e-05 6.25519e-05 0.000167369 0.000970249 5.1904e-05 0.000174085 7.17025e-05 0.000227799 0.000834519 -0.000211091 -2.24261e-05 -0.000361181 -0.000672048 2.15139e-05
internal_weight=0 264 234 198 171 146 126 806 299 233 195 66 158 507 137 97 59 473 342 43 299 272 242 201 51 131 96 73 49 150
internal_count=1070 264 234 198 171 146 126 806 299 233 195 66 158 507 137 97 59 473 342 43 299 272 242 201 51 131 96 73 49 150
is_linear=0
shrinkage=0.1


Tree=77
num_leaves=31
num_cat=0
split_feature=2 2 7 2 2 3 0 2 2 2 0 0 3 0 0 0 6 2 2 2 2 2 2 0 0 0 2 2 0 2
split_gain=0.000480403 0.0006689 0.000801799 0.00359382 0.0125541 0.00374159 0.00216495 0.00152642 0.00562917 0.00382228 0.00569502 0.00256586 0.00239551 0.00334629 0.00375679 0.00184771 0.00173486 0.00346587 0.00526526 0.00358785 0.00465531 0.00277978 0.00683007 0.00455592 0.00331474 0.00200088 0.00231368 0.00378383 0.00287801 0.00196516
threshold=0.10862254506322301 0.15388754371805216 1.0000000180025095e-35 0.29149852031207962 0.31510626849609902 1.0000000180025095e-35 0.88043478260869579 0.27522195318805492 0.30434490180252893 0.23856604788808181 0.35869565217391308 0.51086956521739146 0.70000000000000018 0.90217391304347838 0.94565217391304357 0.51086956521739146 1.0000000180025095e-35 0.38586225450632228 0.43166532149582992 0.48130212536992201 0.53006456820016157 0.62967446865751953 0.55535377993005131 0.032608695652173954 0.18478260869565219 0.27173913043478271 0.37288135593220334 0.49488835082055421 0.48913043478260876 0.44013989776701645
decision_type=2 2 2 2 2 2 2 2 2 2 2 2 2 2 2 2 2 2 2 2 2 2 2 2 2 2 2 2 2 2
left_child=-1 -2 7 5 -5 -4 -6 9 15 10 -3 -11 13 16 -15 -9 21 -18 -19 -20 -21 22 23 -10 -25 -26 28 29 -27 -28
right_child=1 2 3 4 6 -7 -8 8 12 11 -12 -13 -14 14 -16 -17 17 18 19 20 -22 -23 -24 24 25 26 27 -29 -30 -31
leaf_value=0.00038162291048138286 -0.00045476921421306379 0.00081169692244618507 -0.00185292043581443 0.0023425633265149026 -0.00037389243536763736 -4.9159428295831243e-05 0.00066494104406877386 -0.00051040221834504655 0.0014230159140424803 0.00030251618567854168 -0.0006582944791699674 0.0017084544711030538 0.0011404643428977578 -0.0018132453213911505 -5.5330194490741113e-05 -0.0018246363976504654 -0.00092634492251645077 0.0015701519746688149 -0.0012407437535633412 0.0014896089269313961 -0.00019212489451972707 -0.00087154423177707944 0.0020383288326146698 -0.00080261638841444723 0.0011685831705108285 -0.00019780851725954564 -3.7403962834594918e-05 0.0010050759529289992 0.0013977899079551347 -0.00099083904799929733
leaf_weight=32 33 47 23 21 157 23 23 23 27 25 60 27 20 20 31 20 42 21 24 20 93 20 22 38 20 20 52 23 26 37
leaf_count=32 33 47 23 21 157 23 23 23 27 25 60 27 20 20 31 20 42 21 24 20 93 20 22 38 20 20 52 23 26 37
internal_value=0 -1.17649e-05 2.78155e-06 -0.00015369 2.87879e-05 -0.00095104 -0.000241153 5.3769e-05 -1.93428e-05 0.000329203 -1.25973e-05 0.00103252 6.59094e-05 2.58141e-05 -0.000744709 -0.00112167 0.000106838 -0.000118933 9.56956e-05 -0.000130316 0.000105527 0.000265274 0.000351072 0.000198316 4.52283e-05 0.000226229 0.000106943 -0.000138297 0.000704051 -0.000433776
internal_weight=0 1038 1005 247 201 46 180 758 599 159 107 52 556 536 51 43 485 200 158 137 113 285 265 243 216 178 158 112 46 89
internal_count=1070 1038 1005 247 201 46 180 758 599 159 107 52 556 536 51 43 485 200 158 137 113 285 265 243 216 178 158 112 46 89
is_linear=0
shrinkage=0.1


Tree=78
num_leaves=31
num_cat=0
split_feature=0 0 6 0 1 6 2 2 0 0 2 0 2 6 2 2 6 3 2 2 2 2 2 2 2 2 0 0 0 2
split_gain=0.00046403 0.000942443 0.00402692 0.00424438 0.00347806 0.000799978 0.00171921 0.000718919 0.0046931 0.00274448 0.00224205 0.0015061 0.00471935 0.00455646 0.00367998 0.00134605 0.00325162 0.00327201 0.00157179 0.00144534 0.00238942 0.00221543 0.00126514 0.00156052 0.00488349 0.00394997 0.00376666 0.00362875 0.00334614 0.00267894
threshold=0.032608695652173954 0.141304347826087 1.0000000180025095e-35 0.097826086956521799 1.0000000180025095e-35 1.0000000180025095e-35 0.37563895614743076 0.20621468926553674 0.27173913043478271 0.51086956521739146 0.2210788270110304 0.25000000000000011 0.23856604788808181 1.0000000180025095e-35 0.36750067258541835 0.30064568200161429 1.0000000180025095e-35 1.0000000180025095e-35 0.26594027441485074 0.37012375571697609 0.38976324993274147 0.4002555824589723 0.41955878396556362 0.4524482109227872 0.46845574387947264 0.48405972558514931 0.77173913043478271 0.90217391304347838 0.8369565217391306 0.65456012913640038
decision_type=2 2 2 2 2 2 2 2 2 2 2 2 2 2 2 2 2 2 2 2 2 2 2 2 2 2 2 2 2 2
left_child=5 2 3 4 -2 6 -1 8 -3 -10 -9 13 -13 14 -12 16 17 -14 -19 -17 -21 -22 -23 26 -25 -26 -24 28 29 -27
right_child=1 7 -4 -5 -6 -7 -8 10 9 -11 11 12 15 -15 -16 19 -18 18 -20 20 21 22 23 24 25 27 -28 -29 -30 -31
leaf_value=-0.00042610851967104038 0.00034331437920627651 -0.0016342925035860391 0.0013336096530630519 0.00078419890321258985 -0.0013832991211009879 -0.00058884850960956624 0.00052066404399845538 0.0010385383607908374 0.00073901780355039855 -0.00045997501327379032 -4.1034259797575387e-05 -0.0014084928948432209 -0.00088013660348951824 -0.00077578204691235446 0.0015393837072919911 -0.00037345371358028123 0.0014770520702586509 -6.3090592157095664e-05 0.0011756060192315741 0.00076693495125838146 -0.0010795230307849124 0.00060196285617166725 0.00017158557180195087 0.0013438433202771615 -0.0012628734832665382 0.00026490724673971361 -0.0015174172332753305 -0.00096022444626977371 0.0013375242670957486 -0.00071238048807976571
leaf_weight=44 20 20 28 35 28 35 34 21 35 42 26 25 25 24 34 119 20 20 21 39 20 32 31 26 26 127 23 31 23 36
leaf_count=44 20 20 28 35 28 35 34 21 35 42 26 25 25 24 34 119 20 20 21 39 20 32 31 26 26 127 23 31 23 36
internal_value=0 2.26289e-05 0.000296594 -5.32425e-05 -0.000663877 -0.000191645 -1.34128e-05 -1.33168e-05 -0.000269476 8.50217e-05 1.98573e-05 -9.52772e-06 -6.14745e-05 0.000388731 0.000854536 -7.07147e-06 0.000360041 2.1553e-05 0.000571364 -6.63054e-05 2.19812e-05 -5.5494e-05 2.19777e-06 -5.72217e-05 4.12596e-05 -9.81115e-05 -0.000547805 4.14453e-05 0.00020839 4.90646e-05
internal_weight=0 957 111 83 48 113 78 846 97 77 749 728 644 84 60 619 86 66 41 533 414 375 355 323 269 243 54 217 186 163
internal_count=1070 957 111 83 48 113 78 846 97 77 749 728 644 84 60 619 86 66 41 533 414 375 355 323 269 243 54 217 186 163
is_linear=0
shrinkage=0.1


Tree=79
num_leaves=31
num_cat=0
split_feature=2 2 0 1 2 2 2 2 2 2 2 2 2 2 7 0 6 2 2 2 0 2 2 2 1 2 2 0 0 2
split_gain=0.000527687 0.00181576 0.00172683 0.00185181 0.00136944 0.00158914 0.00240359 0.00329002 0.000624358 0.00226043 0.00151718 0.00137162 0.0023236 0.00187038 0.00129142 0.00213743 0.00111848 0.00340006 0.00314251 0.00463257 0.00341966 0.00287811 0.00668154 0.00281569 0.00451577 0.0037246 0.00343098 0.00262755 0.00327001 0.00234619
threshold=0.158999192897498 0.18018563357546405 0.11956521739130439 1.0000000180025095e-35 0.19592413236481029 0.21885929513048155 0.24300511164917946 0.25215227333871398 0.27522195318805492 0.2652676889965026 0.28652138821630352 0.30064568200161429 0.31248318536454128 0.32425343018563357 1.0000000180025095e-35 0.88043478260869579 1.0000000180025095e-35 0.58400591875168151 0.49858757062146897 0.46751412429378525 0.64130434782608703 0.38586225450632228 0.43166532149582992 0.3832391713747646 1.0000000180025095e-35 0.43738229755178903 0.36750067258541835 0.054347826086956548 0.85869565217391319 0.34678504170029595
decision_type=2 2 2 2 2 2 2 2 2 2 2 2 2 2 2 2 2 2 2 2 2 2 2 2 2 2 2 2 2 2
left_child=2 -2 -1 -4 -3 -6 -7 -8 9 -9 -10 -12 -13 -14 16 -16 17 18 19 23 -20 -18 -23 26 25 -25 29 -24 -29 -15
right_child=1 4 3 -5 5 6 7 8 10 -11 11 12 13 14 15 -17 21 -19 20 -21 -22 22 27 24 -26 -27 -28 28 -30 -31
leaf_value=0.00095592812370644742 -0.00091791945107450544 0.00073132677190005779 0.00049205084152552966 -0.00069204711483325813 -0.00067974947089039374 0.00073668565763550448 -0.0012656913948289696 -0.00028612110812294611 -0.00078549411566928044 0.0011533433249860537 0.00075017270016057114 -0.00098591385164278704 0.00068785193113562397 0.00054368205924725367 -0.00039463761483698605 0.00063973983392909013 -0.00097843453219287444 0.0011713708308419765 -0.0012301256999789449 0.0013922262523556128 0.00036992911588061941 0.0016292622231918832 0.00079171911777887983 -0.00037306152806801645 -0.00095070422713223926 0.0013183662040240091 0.0014701577376108619 -0.00059008236709265837 0.00072000830284947451 -0.00080717628006823363
leaf_weight=24 22 25 28 25 35 43 21 24 25 20 24 24 39 36 152 23 33 31 34 30 22 23 23 30 52 23 25 111 23 20
leaf_count=24 22 25 28 25 35 43 21 24 25 20 24 24 39 36 152 23 33 31 34 30 22 23 23 30 52 23 25 111 23 20
internal_value=0 -1.95554e-05 0.000252189 -6.64859e-05 7.98871e-07 -1.85068e-05 6.89766e-06 -2.92554e-05 1.4e-06 0.000368181 -1.86976e-05 5.94241e-06 -1.77466e-05 1.40835e-05 -2.39439e-05 -0.000258691 5.56699e-05 0.00017911 6.60216e-05 0.000239091 -0.000601533 -0.000119928 3.74646e-05 5.31018e-05 -0.000288629 0.000360954 0.000496086 -0.000195729 -0.000365216 6.12327e-05
internal_weight=0 993 77 53 971 946 911 868 847 44 803 778 754 730 691 175 516 303 272 216 56 213 180 186 105 53 81 157 134 56
internal_count=1070 993 77 53 971 946 911 868 847 44 803 778 754 730 691 175 516 303 272 216 56 213 180 186 105 53 81 157 134 56
is_linear=0
shrinkage=0.1


Tree=80
num_leaves=31
num_cat=0
split_feature=0 6 2 0 6 2 2 2 0 1 2 2 1 2 2 2 2 3 0 0 2 2 2 0 0 1 2 2 2 0
split_gain=0.000518948 0.000778057 0.00150327 0.000771549 0.00320657 0.00379748 0.00334679 0.000541022 0.00393965 0.00225875 0.00281316 0.00206558 0.00588252 0.00127528 0.00236956 0.00324492 0.00123756 0.00125992 0.00461697 0.00260231 0.00279161 0.00368319 0.00394352 0.00265479 0.00240835 0.00192411 0.00188832 0.00186438 0.00467249 0.00278556
threshold=0.032608695652173954 1.0000000180025095e-35 0.37563895614743076 0.141304347826087 1.0000000180025095e-35 0.3583535108958838 0.26318267419962332 0.20621468926553674 0.27173913043478271 1.0000000180025095e-35 0.16437987624428299 0.24300511164917946 1.0000000180025095e-35 0.2652676889965026 0.27972827549098739 0.29149852031207962 0.30723701910142587 0.50000000000000011 0.68478260869565233 0.66304347826086973 0.62469733656174342 0.51035781544256131 0.41209308582189941 0.815217391304348 0.88043478260869579 1.0000000180025095e-35 0.46845574387947264 0.61770244821092279 0.53658864675813833 0.44565217391304357
decision_type=2 2 2 2 2 2 2 2 2 2 2 2 2 2 2 2 2 2 2 2 2 2 2 2 2 2 2 2 2 2
left_child=1 2 -1 4 5 6 -2 8 -5 10 -10 12 -9 -13 -15 -16 -17 19 26 27 21 22 23 -21 -24 -23 -19 28 29 -18
right_child=3 -3 -4 7 -6 -7 -8 11 9 -11 -12 13 -14 14 15 16 17 18 -20 20 -22 25 24 -25 -26 -27 -28 -29 -30 -31
leaf_value=-0.00041280350944196637 -0.0001996984552571727 -0.00059439226785408604 0.00047251542923999398 -0.0014812801890366246 0.0011971926852960939 -0.00075882040133971418 0.0015518418449210003 0.001973537465091795 0.00043526215667952787 0.00067198890513585265 -0.0012218969817435468 -0.00061344993167689868 -0.00021267965612423723 0.00092343591580477859 -0.0012263404866230717 0.00076414403904761586 -0.00031533181338153527 0.00020932928561127152 0.0011792213050189036 -0.0015135499478284536 0.0004906049550327501 -0.0018498569764196873 -0.00012940864275844347 -0.00015964088146574798 0.0011435911428871687 -0.00063236896336699535 -0.00086558502024182903 -0.00064314974367554343 0.0011653181499457874 0.00042838786218218569
leaf_weight=44 24 35 34 20 28 39 20 20 20 36 21 35 32 27 22 21 116 44 38 28 33 25 42 30 23 27 26 29 42 89
leaf_count=44 24 35 34 20 28 39 20 20 20 36 21 35 32 27 22 21 116 44 38 28 33 25 42 30 23 27 26 29 42 89
internal_value=0 -0.000202669 -2.68953e-05 2.39306e-05 0.000271815 -4.03605e-05 0.000596456 -8.59328e-06 -0.00023081 9.39871e-05 -0.000413527 2.01852e-05 0.000628173 -2.51741e-05 5.92814e-06 -3.3084e-05 9.74086e-06 -1.70201e-05 0.000291812 -8.5933e-05 -0.000353037 -0.000512123 -0.000213831 -0.000813252 0.000321037 -0.0012177 -0.000189925 0.000115362 0.000204419 7.55136e-06
internal_weight=0 113 78 957 111 83 44 846 97 77 41 749 52 697 662 635 613 592 108 484 208 175 123 58 65 52 70 276 247 205
internal_count=1070 113 78 957 111 83 44 846 97 77 41 749 52 697 662 635 613 592 108 484 208 175 123 58 65 52 70 276 247 205
is_linear=0
shrinkage=0.1


Tree=81
num_leaves=31
num_cat=0
split_feature=2 0 1 2 2 2 2 2 0 0 1 2 0 0 3 2 0 0 2 2 0 0 2 2 2 2 2 2 2 2
split_gain=0.000437293 0.00154868 0.00165838 0.00133768 0.00125899 0.00129458 0.00171925 0.00240503 0.000787414 0.00071078 0.00813768 0.00608976 0.00160781 0.00126835 0.00401756 0.00750303 0.00068282 0.00208416 0.00578522 0.00191907 0.00339096 0.00325595 0.00185011 0.00316634 0.00282288 0.00256579 0.00279769 0.00131174 0.00475439 0.00329055
threshold=0.158999192897498 0.11956521739130439 1.0000000180025095e-35 0.18018563357546405 0.19592413236481029 0.21885929513048155 0.24300511164917946 0.25215227333871398 0.96739130434782616 0.85869565217391319 1.0000000180025095e-35 0.45534032822168408 0.815217391304348 0.72826086956521752 0.3000000000000001 0.41955878396556362 0.59782608695652184 0.51086956521739146 0.38976324993274147 0.31510626849609902 0.64130434782608703 0.66304347826086973 0.43738229755178903 0.45796341135324187 0.40772128060263657 0.39238633306429921 0.37288135593220334 0.52044659671778326 0.55259617971482389 0.48809523809523808
decision_type=2 2 2 2 2 2 2 2 2 2 2 2 2 2 2 2 2 2 2 2 2 2 2 2 2 2 2 2 2 2
left_child=1 -1 -3 -2 -5 -6 -7 -8 9 12 11 -11 13 16 15 -15 17 22 -19 -18 -21 -22 24 -24 25 26 -9 29 -29 -25
right_child=3 2 -4 4 5 6 7 8 -10 10 -12 -13 -14 14 -16 -17 19 18 -20 20 21 -23 23 27 -26 -27 -28 28 -30 -31
leaf_value=0.00089602535984643818 -0.00078888151183491577 0.00045634560665348546 -0.00066420207498595117 0.00070011833589524034 -0.00061566365899385093 0.00062130122675816259 -0.0010836286958129633 -7.8835506150669527e-05 -0.0005123584976837296 0.00014479490422198305 -0.00071455776129235955 0.0025307127798441797 -0.00065602814067608202 0.0011167873466468377 0.0013073412852827461 -0.0014107516370131636 0.00061925921223259395 0.0015686032393326364 -0.00033663816892144763 -0.0012955171495465743 0.00096423854120075703 -0.00053749495094139314 0.0013646908989176155 0.00037685783305538024 -0.0011314119010480241 0.00082072620974101408 -0.0011808245986079178 0.0015672843014313419 -7.6297038309679598e-05 -0.0010044341910329154
leaf_weight=24 22 28 25 25 35 43 21 157 29 23 41 20 37 23 30 24 21 30 34 31 22 42 20 35 31 26 27 22 88 34
leaf_count=24 22 28 25 25 35 43 21 157 29 23 41 20 37 23 30 24 21 30 34 31 22 42 20 35 31 26 27 22 88 34
internal_value=0 0.000229574 -7.22146e-05 -1.78018e-05 -3.31451e-07 -1.88423e-05 4.08719e-06 -2.64891e-05 -2.79007e-07 1.78754e-05 0.000293425 0.00125452 -1.36588e-05 2.04411e-05 0.000403225 -0.000173871 -2.70982e-05 2.32485e-05 0.000556444 -0.000245846 -0.00043708 -2.12741e-05 -5.43071e-05 0.000171353 -0.00024064 -0.000109146 -0.00024054 3.80189e-05 0.000252419 -0.000303779
internal_weight=0 77 53 993 971 946 911 868 847 818 84 43 734 697 77 47 620 504 64 116 95 64 440 199 241 210 184 179 110 69
internal_count=1070 77 53 993 971 946 911 868 847 818 84 43 734 697 77 47 620 504 64 116 95 64 440 199 241 210 184 179 110 69
is_linear=0
shrinkage=0.1


Tree=82
num_leaves=31
num_cat=0
split_feature=0 2 4 2 3 0 3 0 3 2 2 3 2 2 0 2 0 7 0 2 2 3 2 0 2 2 2 0 0 5
split_gain=0.000407399 0.00065401 0.00073209 0.0013464 0.00397579 0.0035447 0.00341583 0.00169484 0.00132587 0.00247125 0.00972763 0.0104513 0.00355996 0.00930238 0.0040129 0.00264594 0.00263415 0.00382761 0.00857013 0.00488859 0.00561075 0.00264358 0.0026256 0.00259061 0.00231485 0.00553693 0.00421176 0.0026884 0.0027698 0.00326321
threshold=0.032608695652173954 0.10404896421845573 1.0000000180025095e-35 0.38976324993274147 1.0000000180025095e-35 0.33695652173913049 0.3000000000000001 0.53260869565217395 1.0000000180025095e-35 0.61770244821092279 0.52044659671778326 0.3000000000000001 0.25874361043852573 0.21885929513048155 0.1630434782608696 0.17507398439601832 0.25000000000000011 1.0000000180025095e-35 0.64130434782608703 0.31329028786655905 0.44013989776701645 0.3000000000000001 0.39897767016411084 0.55434782608695665 0.2652676889965026 0.19975786924939462 0.31329028786655905 0.90217391304347838 0.75000000000000011 1.0000000180025095e-35
decision_type=2 2 2 2 2 2 2 2 2 2 2 2 2 2 2 2 2 2 2 2 2 2 2 2 2 2 2 2 2 2
left_child=-1 -2 8 4 -4 -5 -7 -6 24 10 12 -12 13 15 -14 -10 -16 19 22 -18 23 -22 -19 -21 25 -3 -26 28 29 -28
right_child=1 2 3 5 7 6 -8 -9 9 -11 11 -13 14 -15 16 -17 17 18 -20 20 21 -23 -24 -25 26 -27 27 -29 -30 -31
leaf_value=-0.00017957044224485558 0.00058703961782157431 0.00029035131748091303 0.0012978336087384639 0.00082618965165844819 0.00045134247746318583 -0.0011415082527997179 0.00030329417282094561 -0.00065174782648682596 0.00043859498276746034 -0.00067709669306168516 0.0031380236658844207 0.00030064176535233856 -0.0015131582696498796 0.0019729914595292687 0.00082845080253685392 -0.00097478576219425762 -0.0017997964653962601 -0.0010400791992433371 0.0020903985435974655 -0.0003903767213416405 -0.0019368319007546896 -0.00041922868616287208 0.00047666966274846346 0.00070184845327665767 0.00094224285502504147 -0.0015781414791542507 -5.0237618906553401e-05 -0.0010152641879459326 0.00054183957144092487 -0.001348207981674932
leaf_weight=113 20 29 35 30 30 36 30 26 27 40 21 34 22 29 27 26 24 25 21 39 22 24 21 49 36 35 86 36 52 25
leaf_count=113 20 29 35 30 30 36 30 26 27 40 21 34 22 29 27 26 24 25 21 39 22 24 21 49 36 35 86 36 52 25
internal_value=0 2.12032e-05 9.12558e-06 0.000186146 0.000461747 -7.51019e-05 -0.00048478 -6.08066e-05 -3.50114e-05 7.32482e-05 0.000146275 0.00138401 -4.4948e-05 0.000533102 -0.000217941 -0.000254762 -0.000104867 -0.000216865 0.000416514 -0.00048545 -0.000250044 -0.00114504 -0.00034765 0.000217794 -0.000198306 -0.000731481 -5.3101e-05 -0.000233163 -6.04293e-05 -0.000342573
internal_weight=0 957 937 187 91 96 66 56 750 451 411 55 356 82 274 53 252 225 67 158 134 46 46 88 299 64 235 199 163 111
internal_count=1070 957 937 187 91 96 66 56 750 451 411 55 356 82 274 53 252 225 67 158 134 46 46 88 299 64 235 199 163 111
is_linear=0
shrinkage=0.1


Tree=83
num_leaves=31
num_cat=0
split_feature=2 2 2 0 0 0 3 2 1 0 0 0 2 0 2 1 0 2 2 5 2 2 2 2 0 2 3 0 0 0
split_gain=0.000402229 0.00353985 0.00328476 0.00160272 0.00158267 0.00517873 0.0032038 0.00206541 0.00293877 0.00150178 0.00149041 0.00142261 0.00384176 0.00242108 0.002789 0.0019176 0.00137423 0.00122595 0.00206002 0.00126029 0.00452264 0.00240351 0.00238117 0.00195042 0.00454478 0.00386888 0.00203507 0.00233982 0.00532449 0.00186247
threshold=0.52347323110034982 0.50645682001614212 0.53658864675813833 0.90217391304347838 0.64130434782608703 0.42391304347826098 1.0000000180025095e-35 0.60182943233790709 1.0000000180025095e-35 0.90217391304347838 0.815217391304348 0.054347826086956548 0.38391175679311274 0.141304347826087 0.28887543718052189 1.0000000180025095e-35 0.94565217391304357 0.4785445251546947 0.46125907990314774 1.0000000180025095e-35 0.41209308582189941 0.38976324993274147 0.39487489911218726 0.20621468926553674 0.33695652173913049 0.24300511164917946 0.3000000000000001 0.48913043478260876 0.64130434782608703 0.57608695652173936
decision_type=2 2 2 2 2 2 2 2 2 2 2 2 2 2 2 2 2 2 2 2 2 2 2 2 2 2 2 2 2 2
left_child=1 9 -2 4 5 7 -6 -4 -9 10 11 12 -1 14 -13 -16 -11 18 19 20 22 -21 23 24 -15 -25 27 -27 -29 -28
right_child=2 -3 3 -5 6 -7 -8 8 -10 16 -12 13 -14 17 15 -17 -18 -19 -20 21 -22 -23 -24 25 -26 26 29 28 -30 -31
leaf_value=9.7615275759625238e-05 -0.0012507461026594368 0.0012043753950856627 0.00088618998011548281 -0.00069627635706897965 -0.00034780097529829411 -0.0011648413815816062 0.0010852792818929094 -0.00080588314392823844 0.00077140732873452918 0.0010439849868416787 -0.00052463522800481172 -0.00012649866364275418 -0.0011950732521446689 -0.0016915136174065993 0.00044154296454507864 0.001809733158110508 7.3248480080759964e-05 0.0005641770539916573 -0.00087424215804464346 -3.241280440218567e-05 0.0010400451351002134 -0.0010751211573815924 -0.0010018567948463896 0.0012414371955674142 0.00010831056830245368 -0.0001603289076291699 -2.6057683265744112e-05 0.0020370111968077255 -6.9425024945909779e-05 -0.0011606626460612145
leaf_weight=67 23 25 36 28 26 33 39 27 21 25 59 30 35 20 20 21 35 34 29 93 44 29 24 30 47 58 39 20 30 23
leaf_count=67 23 25 36 28 26 33 39 27 21 25 59 30 35 20 20 21 35 34 29 93 44 29 24 30 47 58 39 20 30 23
internal_value=0 3.23489e-05 -0.000116206 8.05291e-06 0.000116411 -0.000103386 0.000512047 0.000313614 -0.000115819 -3.73564e-06 -4.21498e-05 -1.07241e-06 -0.000345954 5.84504e-05 0.000606201 0.00114232 0.000477722 -1.63387e-05 -5.69509e-05 -5.08782e-06 9.51277e-05 -0.00028027 -4.77464e-05 3.80163e-05 -0.00042895 0.00019445 9.68768e-06 0.000271837 0.000773149 -0.00044696
internal_weight=0 837 233 210 182 117 65 84 48 812 752 693 102 591 71 41 60 520 486 457 335 122 291 267 67 200 170 108 50 62
internal_count=1070 837 233 210 182 117 65 84 48 812 752 693 102 591 71 41 60 520 486 457 335 122 291 267 67 200 170 108 50 62
is_linear=0
shrinkage=0.1


Tree=84
num_leaves=31
num_cat=0
split_feature=7 2 0 0 0 2 0 0 3 0 5 0 0 0 5 2 0 0 1 2 2 2 2 0 2 3 2 0 2 2
split_gain=0.000392595 0.00142433 0.00323234 0.00243948 0.00174043 0.00139048 0.00137432 0.00126811 0.0044304 0.00166826 0.00518213 0.00311091 0.00283179 0.00243458 0.00238174 0.00327845 0.00219941 0.00201249 0.00110159 0.00335421 0.00587857 0.00312127 0.00532995 0.00223795 0.00387583 0.0039105 0.00312309 0.00329823 0.00229218 0.00212992
threshold=1.0000000180025095e-35 0.58662900188323919 0.77173913043478271 0.68478260869565233 0.59782608695652184 0.39110842076943775 0.51086956521739146 0.92391304347826098 1.0000000180025095e-35 0.77173913043478271 1.0000000180025095e-35 0.72826086956521752 0.88043478260869579 0.59782608695652184 1.0000000180025095e-35 0.31813290287866552 0.55434782608695665 0.8369565217391306 1.0000000180025095e-35 0.18361581920903949 0.23856604788808181 0.60182943233790709 0.52347323110034982 0.076086956521739177 0.44565509819747112 1.0000000180025095e-35 0.20621468926553674 0.38043478260869568 0.28504170029593762 0.3504842615012107
decision_type=2 2 2 2 2 2 2 2 2 2 2 2 2 2 2 2 2 2 2 2 2 2 2 2 2 2 2 2 2 2
left_child=7 2 3 4 6 -4 -2 9 -9 11 12 13 17 16 15 -15 18 -11 21 -20 -21 22 23 -1 25 28 -27 -28 -25 -22
right_child=1 -3 5 -5 -6 -7 -8 8 -10 10 -12 -13 -14 14 -16 -17 -18 -19 19 20 29 -23 -24 24 -26 26 27 -29 -30 -31
leaf_value=0.00081310853360590934 -7.6232100134745017e-05 -0.00075454901100480739 0.00021538104241093002 -0.0011851636915129018 0.000704516809724737 0.0013804444286506625 -0.00096855035604676237 -0.00019527170474507979 0.0016419939351700514 -0.00090877169794920424 0.00065334955144083192 0.0010399977308547786 -0.0018379504361655565 -0.0017809114969250832 0.00025742324704135011 -0.00029136431430945071 0.00087877803889568895 0.00032303732614742502 0.00092802572970478137 -0.0017108047863681958 0.00039895654542359649 -0.00082798751133780649 0.0017030012256727786 0.00012469889717811551 -0.0012299953346171053 -0.00033895101008491347 0.0018228924101330686 0.00021173521236050874 -0.0013544852507766337 -0.00029745696830368911
leaf_weight=39 126 30 21 22 25 20 20 35 21 36 35 31 20 22 33 45 34 21 28 24 68 26 25 22 23 23 27 24 20 124
leaf_count=39 126 30 21 22 25 20 20 35 21 36 35 31 20 22 33 45 34 21 28 24 68 26 25 22 23 23 27 24 20 124
internal_value=0 -0.000105839 -2.26711e-05 -0.000193974 -6.64522e-05 0.000783705 -0.000198467 3.46669e-05 0.000493703 3.92201e-07 -0.000355569 6.28808e-05 -0.000814169 1.29786e-05 -0.000437965 -0.000780469 0.000101922 -0.000454947 4.60804e-05 -0.000101763 -0.000235254 0.000203608 0.000335734 0.000143702 -4.41177e-05 0.000191013 0.000628431 0.0010647 -0.000579675 -5.08105e-05
internal_weight=0 264 234 193 171 41 146 806 56 750 112 638 77 607 100 67 507 57 473 244 216 229 203 178 139 116 74 51 42 192
internal_count=1070 264 234 193 171 41 146 806 56 750 112 638 77 607 100 67 507 57 473 244 216 229 203 178 139 116 74 51 42 192
is_linear=0
shrinkage=0.1


Tree=85
num_leaves=31
num_cat=0
split_feature=2 2 0 0 3 2 2 2 2 3 0 0 2 0 0 0 3 0 3 3 2 0 2 2 2 0 0 0 2 2
split_gain=0.000412711 0.00286295 0.00109578 0.00242689 0.0014725 0.00156734 0.00384927 0.000940029 0.000834475 0.00359453 0.00849035 0.00621574 0.00281366 0.00132555 0.00135752 0.00437708 0.00266143 0.0016712 0.00178934 0.000830204 0.000628403 0.00433529 0.00165899 0.00102165 0.00341693 0.00397926 0.00124265 0.00103928 0.00391454 0.00548611
threshold=0.44969061070755989 0.46125907990314774 0.097826086956521799 0.141304347826087 1.0000000180025095e-35 0.37563895614743076 0.29149852031207962 0.27145547484530536 0.52347323110034982 0.3000000000000001 0.44565217391304357 0.22826086956521749 0.53658864675813833 0.90217391304347838 0.64130434782608703 0.42391304347826098 1.0000000180025095e-35 0.141304347826087 0.3000000000000001 1.0000000180025095e-35 0.41955878396556362 0.77173913043478271 0.40852838310465428 0.38976324993274147 0.37012375571697609 0.59782608695652184 0.57608695652173936 0.77173913043478271 0.29412160344363736 0.23305084745762714
decision_type=2 2 2 2 2 2 2 2 2 2 2 2 2 2 2 2 2 2 2 2 2 2 2 2 2 2 2 2 2 2
left_child=2 -2 4 -4 5 6 -1 -6 9 11 -11 -3 -10 14 15 17 -16 -14 -19 -13 22 -22 23 24 27 -26 -25 -5 29 -29
right_child=1 8 3 20 7 -7 -8 -9 12 10 -12 19 13 -15 16 -17 -18 18 -20 -21 21 -23 -24 26 25 -27 -28 28 -30 -31
leaf_value=0.00032250609797439679 0.0011178683240432293 0.00095574078230379993 0.00084351700815287498 -0.00017556193401656187 -0.0013017175471759402 0.00062251029436162725 -0.0013851560263323005 -0.00033216668292880059 -0.001150665543568523 -0.00058589981081673783 0.0021175323719105038 -0.00048264205082280872 -0.00020999402669887686 -0.0006261645855764593 -0.00030436184740840246 -0.0010664957542206993 0.0010017957259268045 0.0012925015653308947 5.8187718462684884e-05 -0.0013144094397527322 0.00033718205681494017 -0.0015286598680540921 0.00088753831572830678 3.161294334859122e-05 0.0017449934096278057 -0.00018366901553235949 -0.0010831280957791024 -0.00034633304669775752 -0.00065672331450817483 0.0018188760697375982
leaf_weight=33 25 29 33 304 20 23 22 20 23 21 26 24 37 28 26 33 39 24 23 24 33 20 20 20 23 20 20 22 30 25
leaf_count=33 25 29 33 304 20 23 22 20 23 21 26 24 37 28 26 33 39 24 23 24 33 20 20 20 23 20 20 22 30 25
internal_value=0 8.33477e-05 -4.62774e-05 1.11436e-05 -0.00032365 -7.06794e-05 -0.000360559 -0.000816942 1.09023e-05 0.000220477 0.000909616 -0.000200166 -0.000100631 1.43725e-05 0.000112917 -9.06477e-05 0.000479333 0.000292721 0.000688476 -0.000898526 -4.00078e-05 -0.000366909 -4.21079e-06 -4.26482e-05 2.9281e-06 0.000847941 -0.000525758 -9.24408e-05 0.000235726 0.000805374
internal_weight=0 382 688 570 118 78 55 40 357 124 47 77 233 210 182 117 65 84 47 48 537 53 484 464 424 43 40 381 77 47
internal_count=1070 382 688 570 118 78 55 40 357 124 47 77 233 210 182 117 65 84 47 48 537 53 484 464 424 43 40 381 77 47
is_linear=0
shrinkage=0.1


Tree=86
num_leaves=31
num_cat=0
split_feature=2 2 2 0 0 0 0 0 2 3 2 2 2 2 6 2 3 0 0 0 0 6 0 0 2 0 2 2 0 2
split_gain=0.00034613 0.00327757 0.00230621 0.00195845 0.00252112 0.00190611 0.00162444 0.00271754 0.00138309 0.0013431 0.00168472 0.00593831 0.00415048 0.00345118 0.00265767 0.00128756 0.00115737 0.00101384 0.00293604 0.00239723 0.00142152 0.00155524 0.00266168 0.00551296 0.00290623 0.00129176 0.0013573 0.00294735 0.00319449 0.0050339
threshold=0.46690879741727193 0.47578692493946728 0.45534032822168408 0.90217391304347838 0.8369565217391306 0.75000000000000011 0.64130434782608703 0.55434782608695665 0.43738229755178903 0.50000000000000011 0.55259617971482389 0.52044659671778326 0.49650255582458974 0.59503631961259085 1.0000000180025095e-35 0.41955878396556362 0.70000000000000018 0.57608695652173936 0.61956521739130443 0.53260869565217395 0.66304347826086973 1.0000000180025095e-35 0.70652173913043492 0.77173913043478271 0.29412160344363736 0.48913043478260876 0.24825127791229482 0.2210788270110304 0.2934782608695653 0.158999192897498
decision_type=2 2 2 2 2 2 2 2 2 2 2 2 2 2 2 2 2 2 2 2 2 2 2 2 2 2 2 2 2 2
left_child=2 -2 8 4 5 6 7 9 15 10 11 12 -3 -12 -15 16 17 19 -19 25 -20 22 -22 -24 -25 26 27 28 29 -1
right_child=1 3 -4 -5 -6 -7 -8 -9 -10 -11 13 -13 -14 14 -16 -17 -18 18 20 -21 21 -23 23 24 -26 -27 -28 -29 -30 -31
leaf_value=0.00043105735818052809 0.0011851847097277641 0.00090003334279615621 -0.001003137919906294 -0.00070964550940386421 0.0010868241206322714 -0.00078487336884011574 0.00067732745829301002 -0.0010031327423639595 0.00056476747980923388 -0.00061553623633120555 -0.0010648422508966178 0.0018136137416586281 -0.0010444408833079608 0.0012709770584478975 -0.00018178072333445446 -0.00059816035388324121 -0.00070196829075702346 0.0011309272553450588 -0.0006525251581333578 -0.0010438754960584143 0.0010735329997260123 0.00082094588621563669 -0.0015215068982797676 0.00083163367160476564 -0.00033054254390663118 0.00069707215540499125 -0.00021930216518052496 0.0012474979342765769 0.00082946835656560244 -0.0012076072673300735
leaf_weight=38 25 21 24 35 23 28 39 25 40 22 25 25 23 20 34 39 23 29 25 24 20 29 24 39 48 24 209 22 31 37
leaf_count=38 25 21 24 35 23 28 39 25 40 22 25 25 23 20 34 39 23 29 25 24 20 29 24 39 48 24 209 22 31 37
internal_value=0 8.24493e-05 -3.92345e-05 -3.70185e-06 8.2993e-05 -5.1296e-06 8.81731e-05 -2.96578e-05 -6.23355e-06 0.0001135 0.000221871 0.000582883 -0.000116396 -9.34438e-05 0.000356278 -4.07873e-05 -5.83949e-06 2.089e-05 0.00019539 -7.61045e-05 4.87377e-05 0.00015831 1.16196e-05 -0.000179716 0.000190433 -1.17652e-05 -6.22462e-05 0.000194197 -2.44129e-05 -0.000377351
internal_weight=0 345 725 320 285 262 234 195 701 170 148 69 44 79 54 661 622 599 214 385 185 160 131 111 87 361 337 128 106 75
internal_count=1070 345 725 320 285 262 234 195 701 170 148 69 44 79 54 661 622 599 214 385 185 160 131 111 87 361 337 128 106 75
is_linear=0
shrinkage=0.1


Tree=87
num_leaves=31
num_cat=0
split_feature=2 2 0 1 0 2 6 0 0 7 0 2 2 0 2 2 2 2 0 0 2 3 2 0 2 0 0 0 2 0
split_gain=0.000307528 0.0024291 0.00096967 0.00464517 0.00189171 0.00495524 0.00113411 0.00320401 0.00289459 0.00503709 0.00426291 0.00244913 0.00187107 0.00174319 0.00148898 0.00082009 0.00258693 0.0025247 0.00214544 0.00389417 0.00236244 0.00180415 0.0016019 0.00149129 0.000966964 0.000717511 0.00813909 0.00171769 0.00293088 0.00181644
threshold=0.44969061070755989 0.46125907990314774 0.88043478260869579 1.0000000180025095e-35 0.75000000000000011 0.57398439601829432 1.0000000180025095e-35 0.054347826086956548 0.11956521739130439 1.0000000180025095e-35 0.38043478260869568 0.54432337906914185 0.6130616088243207 0.40217391304347833 0.54835889157923046 0.37288135593220334 0.38061608824320686 0.36750067258541835 0.77173913043478271 0.57608695652173936 0.40772128060263657 1.0000000180025095e-35 0.41955878396556362 0.18478260869565219 0.41209308582189941 0.141304347826087 0.097826086956521799 0.27173913043478271 0.28652138821630352 0.35869565217391308
decision_type=2 2 2 2 2 2 2 2 2 2 2 2 2 2 2 2 2 2 2 2 2 2 2 2 2 2 2 2 2 2
left_child=15 -2 4 -4 6 -6 8 -8 -3 10 -10 -12 13 -9 -11 17 -17 25 19 20 21 -18 -20 -22 -21 26 -1 28 -27 -29
right_child=1 2 3 -5 5 -7 7 12 9 14 11 -13 -14 -15 -16 16 18 -19 22 24 23 -23 -24 -25 -26 27 -28 29 -30 -31
leaf_value=-0.00026310824664173331 0.0010248641449725254 -0.00054482719035051465 0.0015200798619064569 -0.0005370123180277322 -0.0016190141836559633 0.0003527763588443542 0.00088034037405370984 -0.001516337236601182 0.0020280098614211266 -0.00080795169867795078 0.0011097452160396168 -0.00040333178301807496 0.00013388543811743148 -0.00036000438340124676 0.00031477262465549367 -0.001263467852203619 -0.00035058503575704022 0.0011282414448214697 -0.00010617727058983985 0.00044146156462375073 -0.0013842496490161424 0.00093141730592053915 -0.0013566803419962526 -0.00021869068884331248 0.0014248047769069674 -4.2180810851277784e-05 0.0018306590461482604 0.00063059994249559212 -0.0014925263651424426 -8.3586888394672493e-05
leaf_weight=82 25 37 21 23 25 26 22 22 26 27 23 20 32 32 21 21 23 20 21 20 21 21 20 23 20 38 24 41 22 271
leaf_count=82 25 37 21 23 25 26 22 22 26 27 23 20 32 32 21 21 23 20 21 20 21 21 20 23 20 38 24 41 22 271
internal_value=0 7.19471e-05 5.21617e-06 0.000444782 -5.65758e-05 -0.000613788 5.18891e-05 -0.000196553 0.000226121 0.000469926 0.00101718 0.000405988 -0.000472038 -0.000831103 -0.00031676 -3.99474e-05 -0.000216703 2.74897e-05 -8.66321e-05 0.00011502 -0.00025685 0.00026128 -0.000716179 -0.00077498 0.000933133 -1.85669e-05 0.000210952 -8.39675e-05 -0.000573974 1.02646e-05
internal_weight=0 382 357 44 313 51 262 108 154 117 69 43 86 54 48 688 190 498 169 128 88 44 41 44 40 478 106 372 60 312
internal_count=1070 382 357 44 313 51 262 108 154 117 69 43 86 54 48 688 190 498 169 128 88 44 41 44 40 478 106 372 60 312
is_linear=0
shrinkage=0.1


Tree=88
num_leaves=31
num_cat=0
split_feature=2 2 2 0 0 0 2 0 2 2 2 0 2 2 0 3 0 2 3 0 3 1 0 2 2 5 2 4 3 2
split_gain=0.000343216 0.0032418 0.00273368 0.00100432 0.00122963 0.00108432 0.00181894 0.00100845 0.00295864 0.00416076 0.00367745 0.00184773 0.00204092 0.00414624 0.00166389 0.0178092 0.00193589 0.00122715 0.0031549 0.00371253 0.00226514 0.00593396 0.00485646 0.00427487 0.00307955 0.00296197 0.00366653 0.00218924 0.00179847 0.0015782
threshold=0.52347323110034982 0.50645682001614212 0.54156577885391444 0.90217391304347838 0.94565217391304357 0.815217391304348 0.3221684153887544 0.68478260869565233 0.23856604788808181 0.32492601560398171 0.41209308582189941 0.64130434782608703 0.48809523809523808 0.46751412429378525 0.57608695652173936 0.3000000000000001 0.53260869565217395 0.19592413236481029 1.0000000180025095e-35 0.33695652173913049 1.0000000180025095e-35 1.0000000180025095e-35 0.22826086956521749 0.25477535647027172 0.38115415657788537 1.0000000180025095e-35 0.3221684153887544 1.0000000180025095e-35 0.3000000000000001 0.36400322841000804
decision_type=2 2 2 2 2 2 2 2 2 2 2 2 2 2 2 2 2 2 2 2 2 2 2 2 2 2 2 2 2 2
left_child=1 3 -2 5 -5 7 -7 11 -9 -10 -11 12 13 14 16 -16 17 18 -1 -20 23 22 -22 -19 25 26 -25 28 -23 -24
right_child=2 -3 -4 4 -6 6 -8 8 9 10 -12 -13 -14 -15 15 -17 -18 20 19 -21 21 27 29 24 -26 -27 -28 -29 -30 -31
leaf_value=0.00096312821831536259 -0.00092203826277649839 0.0011514836638234556 3.6667917374135796e-05 0.00092471637157723319 6.4713541152221819e-06 -0.0011422583519521616 -3.7938521321242057e-06 -0.0007951379363657908 0.0017000071319710952 -0.00080215416941791786 0.00081654274545144294 -0.00074489833867927605 -0.00090776557914675014 0.0011572962521665519 0.0025205286695500432 -0.0013735213098698296 -0.0008983987549852049 -0.0016443204222014174 -0.00099102474518336496 0.00079283954633865513 0.0017579666657999546 -0.00013160279785682049 0.00060996669150578491 -0.00011726203108615853 -0.00080547634321798491 -0.00077660335782205785 0.0015734381473916786 0.0004028507247567177 -0.0010873792509503092 -0.00042428201541770249
leaf_weight=39 35 25 198 25 35 23 36 20 23 25 32 36 24 31 23 24 28 24 28 20 29 35 36 29 48 21 23 25 45 25
leaf_count=39 35 25 198 25 35 23 36 20 23 25 32 36 24 31 23 24 28 24 28 20 29 35 36 29 48 21 23 25 45 25
internal_value=0 2.98818e-05 -0.000107344 -4.65025e-06 0.000389073 -3.60644e-05 -0.000447602 -1.02726e-06 0.000292729 0.000564696 0.000106588 -5.05646e-05 -5.68845e-06 3.49304e-05 -3.4379e-05 0.000532078 -9.28921e-05 -4.0072e-05 0.000295059 -0.000247748 -0.000125826 9.67481e-05 0.000692586 -0.00042515 -0.000183331 0.000225751 0.000630548 -0.00041397 -0.000669227 0.000186094
internal_weight=0 837 233 812 60 752 59 693 100 80 57 593 557 533 502 47 455 427 87 48 340 195 90 145 121 73 52 105 80 61
internal_count=1070 837 233 812 60 752 59 693 100 80 57 593 557 533 502 47 455 427 87 48 340 195 90 145 121 73 52 105 80 61
is_linear=0
shrinkage=0.1


Tree=89
num_leaves=31
num_cat=0
split_feature=0 0 2 3 2 0 2 0 2 2 2 0 0 0 1 5 6 2 2 0 5 2 2 2 2 2 6 2 2 2
split_gain=0.000309105 0.000817886 0.00525073 0.000780761 0.00107629 0.00320254 0.00411973 0.00278849 0.00238091 0.00195239 0.00184083 0.00154101 0.0026336 0.00182923 0.00173524 0.006616 0.00763952 0.00518394 0.00616373 0.00378437 0.00346653 0.0145139 0.0042263 0.00303658 0.00417303 0.00436209 0.0110641 0.00393942 0.00210791 0.0040246
threshold=0.032608695652173954 0.076086956521739177 0.39487489911218726 0.70000000000000018 0.24300511164917946 0.35869565217391308 0.16727199354317993 0.57608695652173936 0.20621468926553674 0.2652676889965026 0.27972827549098739 0.90217391304347838 0.94565217391304357 0.85869565217391319 1.0000000180025095e-35 1.0000000180025095e-35 1.0000000180025095e-35 0.53006456820016157 0.32492601560398171 0.59782608695652184 1.0000000180025095e-35 0.46751412429378525 0.38061608824320686 0.48809523809523808 0.31248318536454128 0.37288135593220334 1.0000000180025095e-35 0.41209308582189941 0.4524482109227872 0.39238633306429921
decision_type=2 2 2 2 2 2 2 2 2 2 2 2 2 2 2 2 2 2 2 2 2 2 2 2 2 2 2 2 2 2
left_child=-1 2 -2 4 5 6 -3 -7 -9 -6 -11 13 -13 14 15 16 17 18 -12 -17 23 22 -22 24 -16 -26 27 -27 29 -20
right_child=1 3 -4 -5 9 7 -8 8 -10 10 11 12 -14 -15 20 19 -18 -19 28 -21 21 -23 -24 -25 25 26 -28 -29 -30 -31
leaf_value=-0.00015641492258332902 -0.00053150937519967558 -0.0001754162604920566 0.0016423476446652784 0.0004681197007491445 -0.00080046277667861437 -0.00077577108342666182 0.0015156114277060089 -0.00020984424128463227 0.0010999029093553597 0.00077452196705120584 0.0016705368534617481 -0.0012410308009591598 -1.356137667740272e-05 0.00069793931710164015 -0.0010797678925155197 -0.00058264258819130759 -0.0007171988033855065 0.0016663510890308924 -0.00087324774517169741 -0.0022477045633076203 0.00068928673542056158 0.0029983621631981807 -0.0012295691222375766 -0.00051049516255897228 0.0013700738573616774 -0.0016714734274428337 0.0019969463610323146 0.00014196534023579695 -0.00099578561270251297 0.00096449268379588966
leaf_weight=113 25 25 20 34 35 40 34 35 23 27 21 29 44 34 20 39 83 30 22 21 24 20 22 93 37 25 20 23 26 26
leaf_count=113 25 25 20 34 35 40 34 35 23 27 21 29 44 34 20 39 83 30 22 21 24 20 22 93 37 25 20 23 26 26
internal_value=0 1.84691e-05 0.000434649 -2.06615e-06 -2.02738e-05 0.000216992 0.000799074 -0.000133445 0.000309538 -7.19392e-05 -3.47696e-05 -6.79272e-05 -0.000501186 -1.39547e-05 -5.78033e-05 -0.000240319 2.65348e-05 0.000520374 0.000158486 -0.00116541 0.00011443 0.000749388 -0.000228427 -7.78045e-05 0.000244117 0.000496286 2.08426e-05 -0.000802534 -0.000270609 0.000122195
internal_weight=0 957 45 912 878 157 59 98 58 721 686 659 73 586 552 268 208 125 95 60 284 66 46 218 125 105 68 48 74 48
internal_count=1070 957 45 912 878 157 59 98 58 721 686 659 73 586 552 268 208 125 95 60 284 66 46 218 125 105 68 48 74 48
is_linear=0
shrinkage=0.1


Tree=90
num_leaves=31
num_cat=0
split_feature=4 2 2 0 2 2 2 1 2 0 2 0 0 2 3 2 0 2 0 2 5 2 1 2 0 2 3 2 2 0
split_gain=0.000322069 0.00111276 0.000944189 0.00264264 0.00160901 0.00162047 0.00505421 0.0031556 0.00290569 0.00136622 0.00532686 0.0041999 0.00155352 0.000895837 0.00234936 0.00166705 0.000961317 0.00124895 0.00279806 0.00364812 0.00261307 0.00302074 0.00140266 0.0034617 0.00404615 0.00360405 0.00308907 0.00615267 0.00188409 0.00308434
threshold=1.0000000180025095e-35 0.70110304008609103 0.6130616088243207 0.44565217391304357 0.57721280602636538 0.54156577885391444 0.52347323110034982 1.0000000180025095e-35 0.50282485875706229 0.054347826086956548 0.40772128060263657 0.11956521739130439 1.0000000180025095e-35 0.46690879741727193 0.3000000000000001 0.44222491256389568 0.1630434782608696 0.37012375571697609 0.7934782608695653 0.3832391713747646 1.0000000180025095e-35 0.41209308582189941 1.0000000180025095e-35 0.20621468926553674 0.33695652173913049 0.16437987624428299 0.3000000000000001 0.29412160344363736 0.21650524616626307 0.59782608695652184
decision_type=2 2 2 2 2 2 2 2 2 2 2 2 2 2 2 2 2 2 2 2 2 2 2 2 2 2 2 2 2 2
left_child=1 2 4 -4 5 6 8 -7 9 10 12 -11 -1 15 -15 16 -13 22 19 -19 21 -21 23 25 -25 -18 27 -26 -24 -30
right_child=-2 -3 3 -5 -6 7 -8 -9 -10 11 -12 13 -14 14 -16 -17 17 18 -20 20 -22 -23 28 24 26 -27 -28 -29 29 -31
leaf_value=0.00077667139232203016 0.00010784027745764681 -0.00067203515612233725 0.0012141024760121187 -0.00016575868690519462 -0.0007952809661488843 -0.00026283183694391954 -0.0014153345685022382 0.0013936709470884958 0.0011634534098751224 0.001022904472558413 -0.0017417102014984599 -0.00062384415154897229 -0.00032357066511670414 -0.00022307170194483573 0.0011281308202342188 -0.00079270835694842398 0.00023022477878839712 0.0016840375350078659 -0.00061631930917168841 -0.00021482937803133005 -0.00069374044365047116 0.0013409543274274958 0.00024964628008954033 0.0016159886257290574 0.0015241023562460518 -0.0016682090384711045 -0.00077912069652390128 -0.0003916252792183322 -0.0010619244048508624 5.2570905642245306e-05
leaf_weight=21 220 26 23 35 27 23 26 23 21 39 22 27 33 31 22 32 20 21 28 24 23 26 38 21 30 20 29 38 57 44
leaf_count=21 220 26 23 35 27 23 26 23 21 39 22 27 33 31 22 32 20 21 28 24 23 26 38 21 30 20 29 38 57 44
internal_value=0 -2.79116e-05 -7.58732e-06 0.000381428 -3.70428e-05 -9.33987e-06 -4.74913e-05 0.00056542 5.82794e-06 -3.18039e-05 -0.00043007 2.12984e-05 0.000104301 -5.22659e-05 0.000337805 -9.55164e-05 -4.54937e-05 -8.2253e-06 0.000261153 0.000522528 0.000188396 0.000594178 -0.000118879 8.4955e-05 0.000357479 -0.000718992 8.50187e-05 0.000453549 -0.000350576 -0.000576402
internal_weight=0 850 824 58 766 739 693 46 667 646 76 570 54 531 53 478 446 419 122 94 73 50 297 158 118 40 97 68 139 101
internal_count=1070 850 824 58 766 739 693 46 667 646 76 570 54 531 53 478 446 419 122 94 73 50 297 158 118 40 97 68 139 101
is_linear=0
shrinkage=0.1


Tree=91
num_leaves=31
num_cat=0
split_feature=7 2 2 2 3 0 0 3 0 2 2 2 3 2 3 2 0 0 0 2 0 3 2 1 2 2 3 6 0 2
split_gain=0.000368918 0.00150824 0.0038059 0.00972929 0.00453803 0.00172353 0.00127288 0.00342688 0.00150112 0.000974023 0.00595408 0.00399922 0.00187056 0.00182794 0.00240911 0.0019127 0.00162936 0.00425696 0.00395644 0.00239605 0.00214341 0.00533883 0.00127545 0.00121868 0.00501192 0.0060114 0.00279369 0.00576581 0.0170097 0.00191768
threshold=1.0000000180025095e-35 0.16437987624428299 0.29149852031207962 0.31510626849609902 1.0000000180025095e-35 0.88043478260869579 0.92391304347826098 1.0000000180025095e-35 0.88043478260869579 0.58400591875168151 0.61770244821092279 0.56214689265536733 1.0000000180025095e-35 0.52044659671778326 1.0000000180025095e-35 0.48809523809523808 0.59782608695652184 0.55434782608695665 0.68478260869565233 0.46690879741727193 0.7934782608695653 0.3000000000000001 0.32035243475921443 1.0000000180025095e-35 0.36750067258541835 0.4002555824589723 1.0000000180025095e-35 1.0000000180025095e-35 0.22826086956521749 0.33212267958030672
decision_type=2 2 2 2 2 2 2 2 2 2 2 2 2 2 2 2 2 2 2 2 2 2 2 2 2 2 2 2 2 2
left_child=6 -2 4 -4 -3 -5 8 -8 9 11 -11 13 -12 15 -15 16 17 19 22 23 21 -20 -18 26 29 -26 -1 28 -28 -25
right_child=1 2 3 5 -6 -7 7 -9 -10 10 12 -13 -14 14 -16 -17 18 -19 20 -21 -22 -23 -24 24 25 -27 27 -29 -30 -31
leaf_value=-0.00029386704640350681 0.00073226049076765783 -0.0020763904155631152 0.0020485399195292434 -0.00034443276979649818 -2.1223975371950392e-05 0.00058246460900156075 -0.00011243755762864437 0.0015034085078652771 -0.00070615060996778061 0.0018570661218836903 0.00044800476559127376 -0.0012823375000152737 -0.00058755816599177953 -8.3860317143895062e-05 0.0013635101472533754 -0.00080674729422377113 -0.0015676601073540621 0.0013983717130031438 -0.00024469949893426854 0.0011119891051203012 -0.0004333743952553381 0.001722448339304802 -0.00052366318274289379 -5.901161320897462e-05 -0.0023976252926513554 -9.1593878012365452e-05 0.0034103549689808417 -0.00057928938336009462 -7.5295182926181177e-05 0.00095091641440218228
leaf_weight=71 20 21 21 157 22 23 35 21 29 20 33 24 37 23 23 29 22 25 37 20 44 22 25 103 20 26 21 31 42 23
leaf_count=71 20 21 21 157 22 23 35 21 29 20 33 24 37 23 23 29 22 25 37 20 44 22 25 103 20 26 21 31 42 23
internal_value=0 -0.000102598 -0.000171029 1.16422e-05 -0.00102491 -0.000225996 3.36053e-05 0.000493505 -7.33898e-07 2.76393e-05 0.000335398 -1.62566e-05 -9.93642e-05 3.38027e-05 0.000639825 -1.5889e-05 2.72217e-05 0.000136886 -0.000252057 4.85469e-05 9.4869e-05 0.000488813 -0.00101234 -1.45654e-05 -0.00020082 -0.00109422 0.000179591 0.000537203 0.00108659 0.00012534
internal_weight=0 264 244 201 43 180 806 56 750 721 90 631 70 607 46 561 532 382 150 357 103 59 47 337 172 46 165 94 63 126
internal_count=1070 264 244 201 43 180 806 56 750 721 90 631 70 607 46 561 532 382 150 357 103 59 47 337 172 46 165 94 63 126
is_linear=0
shrinkage=0.1


Tree=92
num_leaves=31
num_cat=0
split_feature=2 2 1 2 2 0 2 3 2 2 0 2 2 2 2 0 0 2 3 2 2 2 2 2 2 3 2 0 2 2
split_gain=0.000359857 0.00119232 0.00112244 0.00056112 0.00114469 0.000657635 0.00234769 0.00114612 0.00149044 0.00273908 0.00282603 0.00244093 0.00161912 0.00113364 0.00376179 0.00255543 0.00283205 0.00123299 0.00266051 0.00176349 0.000878883 0.00108122 0.00147337 0.00185896 0.00407557 0.00169836 0.00220303 0.00218671 0.0021555 0.00536297
threshold=0.68112725316115152 0.64574926015603984 1.0000000180025095e-35 0.6130616088243207 0.58662900188323919 0.72826086956521752 0.54835889157923046 0.70000000000000018 0.55259617971482389 0.52044659671778326 0.48913043478260876 0.49650255582458974 0.4785445251546947 0.29412160344363736 0.23305084745762714 0.77173913043478271 0.815217391304348 0.46690879741727193 0.3000000000000001 0.38586225450632228 0.45534032822168408 0.43738229755178903 0.40772128060263657 0.38061608824320686 0.37146892655367236 0.3000000000000001 0.15624159268227064 0.64130434782608703 0.25477535647027172 0.31113801452784501
decision_type=2 2 2 2 2 2 2 2 2 2 2 2 2 2 2 2 2 2 2 2 2 2 2 2 2 2 2 2 2 2
left_child=1 3 -2 4 5 7 13 8 9 11 -11 12 20 14 -7 -15 -17 18 19 -18 21 22 23 24 25 27 -27 -1 -28 -30
right_child=2 -3 -4 -5 -6 6 -8 -9 -10 10 -12 -13 -14 15 -16 16 17 -19 -20 -21 -22 -23 -24 -25 -26 26 28 -29 29 -31
leaf_value=-1.7045532088605659e-05 0.0008383642302214867 -0.00074065467369192374 -0.00015003752541141931 0.00040286094162558371 -0.00067832415550947195 -0.00041554879384680791 0.0011910064727999271 -0.00063406354109306015 -0.00063884960206147916 0.0016643759910948575 -1.6703085857443512e-05 -0.00092572922354708593 0.00078559564202665714 0.00092369804250275992 0.0011835061302859218 -0.0010965104900195353 -0.00036994568724185229 0.00059192837081634662 -0.0011840022185060663 0.00087309544517969102 -0.0005068592082742336 0.00062700560277638342 -0.00060471139178844171 0.00056785548333989158 -0.0014386801701039076 -0.00061002162576187405 0.0010697361155613434 -0.00096707072365528879 -0.0011248805109755182 0.0009317492028458219
leaf_weight=236 20 22 27 34 25 28 20 31 36 20 20 29 26 21 31 31 25 26 20 21 35 27 40 56 20 20 43 27 21 32
leaf_count=236 20 22 27 34 25 28 20 31 36 20 20 29 26 21 31 31 25 26 20 21 35 27 40 56 20 20 43 27 21 32
internal_value=0 -1.24304e-05 0.000270559 3.57455e-06 -1.04645e-05 7.26004e-06 0.00015729 -3.92723e-05 -1.24721e-05 2.21131e-05 0.000823836 -3.02871e-05 1.42547e-05 5.54464e-05 0.000424633 -9.58174e-05 -0.000269881 8.65712e-06 -0.000221116 0.00019753 -2.17505e-05 1.0776e-05 -2.28366e-05 2.83173e-05 -4.74074e-05 2.60107e-05 0.000344756 -0.000114577 0.000543668 0.000116858
internal_weight=0 1023 47 1001 967 942 223 719 688 652 40 612 583 203 59 144 123 92 66 46 557 522 495 455 399 379 116 263 96 53
internal_count=1070 1023 47 1001 967 942 223 719 688 652 40 612 583 203 59 144 123 92 66 46 557 522 495 455 399 379 116 263 96 53
is_linear=0
shrinkage=0.1


Tree=93
num_leaves=31
num_cat=0
split_feature=2 2 2 3 2 2 0 0 0 0 0 0 3 0 0 0 3 2 7 2 3 3 0 0 0 0 0 2 0 2
split_gain=0.000361924 0.00278056 0.00239862 0.00107345 0.00292022 0.00236022 0.00191638 0.00163506 0.00337259 0.000778523 0.00127972 0.000853024 0.000750886 0.000644734 0.00245352 0.00162422 0.00173721 0.00325004 0.00215872 0.00551295 0.00150132 0.00105387 0.00215924 0.00541598 0.00415932 0.00350113 0.000870832 0.00248503 0.00141844 0.00190993
threshold=0.52347323110034982 0.50645682001614212 0.53658864675813833 0.3000000000000001 0.5575733118106001 0.59503631961259085 0.35869565217391308 0.35869565217391308 0.8369565217391306 0.90217391304347838 0.94565217391304357 0.85869565217391319 0.70000000000000018 0.57608695652173936 0.53260869565217395 0.61956521739130443 0.50000000000000011 0.25874361043852573 1.0000000180025095e-35 0.3221684153887544 1.0000000180025095e-35 0.3000000000000001 0.11956521739130439 0.22826086956521749 0.35869565217391308 0.44565217391304357 0.054347826086956548 0.38391175679311274 0.25000000000000011 0.2247780468119451
decision_type=2 2 2 2 2 2 2 2 2 2 2 2 2 2 2 2 2 2 2 2 2 2 2 2 2 2 2 2 2 2
left_child=1 9 -2 4 -4 -6 -5 -7 -9 11 -11 12 13 14 21 -15 17 -17 19 -19 -21 26 -23 -24 -25 -26 27 -1 29 -28
right_child=2 -3 3 6 5 7 -8 8 -10 10 -12 -13 -14 15 -16 16 -18 18 -20 20 -22 22 23 24 25 -27 28 -29 -30 -31
leaf_value=3.7163751462145938e-07 -0.0010797328578875116 0.0010694360784254968 0.0010656092904225392 -0.0010747853689320871 -0.00075843831856868104 0.00073935370326840455 5.6088876607286376e-05 -0.00095239376090466984 0.00076662669557013693 0.0008917972501367331 -4.4962691775123988e-05 -0.00058085209026035884 -0.00048992338706739253 0.00076002189889550213 -0.00092687641639107232 0.00073483634864844919 0.00073923784175662904 -0.0020739878341555595 0.00037589837287167283 0.00031241940232575873 -0.00065625256611383524 0.0010612914047669619 -0.0011486899477729043 0.0015679717813327444 -0.00068185042127879571 0.00095690694870427257 -0.00041280844964384068 -0.0011578923638336602 -0.00021750953848014535 0.00053936824794630404
leaf_weight=59 23 25 28 23 35 35 43 25 21 25 35 27 31 37 30 35 29 20 29 32 32 26 28 24 32 22 29 27 126 77
leaf_count=59 23 25 28 23 35 35 43 25 21 25 35 27 31 37 30 35 29 20 29 32 32 26 28 24 32 22 29 27 126 77
internal_value=0 3.06854e-05 -0.00011023 -4.04679e-06 0.000149017 -7.22297e-05 -0.000338004 0.00022428 -0.000167624 -1.29583e-06 0.000345354 -2.89541e-05 -8.40061e-06 1.31083e-05 -5.12488e-05 0.000157461 3.15017e-05 -0.000107176 -0.000367977 -0.000624791 -0.000171917 7.12636e-06 0.000244654 4.43466e-05 0.000472616 -1.42085e-05 -9.147e-05 -0.000363269 9.28323e-06 0.000278867
internal_weight=0 837 233 210 144 116 66 81 46 812 60 752 725 694 480 214 177 148 113 84 64 450 132 106 78 54 318 86 232 106
internal_count=1070 837 233 210 144 116 66 81 46 812 60 752 725 694 480 214 177 148 113 84 64 450 132 106 78 54 318 86 232 106
is_linear=0
shrinkage=0.1


Tree=94
num_leaves=31
num_cat=0
split_feature=7 2 0 0 2 2 3 0 0 2 2 2 2 2 5 2 3 0 2 3 0 1 0 2 2 2 2 2 0 0
split_gain=0.000339877 0.00131046 0.00273067 0.00225974 0.0012536 0.00391774 0.0022702 0.00151998 0.00210963 0.00202674 0.00113154 0.000929947 0.00345138 0.00262816 0.00677983 0.00463367 0.00192161 0.00195462 0.00541825 0.0048105 0.00402881 0.00631964 0.00157726 0.0012825 0.00118165 0.00399106 0.00122014 0.00464871 0.00264909 0.00175969
threshold=1.0000000180025095e-35 0.58662900188323919 0.77173913043478271 0.68478260869565233 0.33044121603443638 0.29674468657519509 1.0000000180025095e-35 0.57608695652173936 0.33695652173913049 0.48681732580037662 0.39110842076943775 0.16727199354317993 0.19592413236481029 0.23305084745762714 1.0000000180025095e-35 0.24825127791229482 0.70000000000000018 0.076086956521739177 0.52347323110034982 1.0000000180025095e-35 0.18478260869565219 1.0000000180025095e-35 0.96739130434782616 0.11359967715899917 0.27522195318805492 0.30589184826472965 0.61770244821092279 0.57869249394673128 0.70652173913043492 0.77173913043478271
decision_type=2 2 2 2 2 2 2 2 2 2 2 2 2 2 2 2 2 2 2 2 2 2 2 2 2 2 2 2 2 2
left_child=11 2 3 4 5 6 -2 8 9 -6 -4 23 -13 14 -14 -15 17 18 19 -17 21 -19 24 -1 -22 -26 27 29 -28 -27
right_child=1 -3 10 -5 7 -7 -8 -9 -10 -11 -12 12 13 15 -16 16 -18 20 -20 -21 22 -23 -24 -25 25 26 28 -29 -30 -31
leaf_value=0.00019654930209206351 -0.00090032624573647502 -0.00072071517613949256 0.00020977750301383259 -0.0011301273556785997 -0.0010593937848979195 0.0014552205434301868 0.00046128813712857663 -0.00099154217864649949 0.00055845272295300678 0.00026876715623075142 0.0012607755148201251 0.0010969152170864323 0.00025347448310874881 0.0015340686911561839 -0.0021080831444123759 0.00034478907254049056 0.00094272367846728725 -0.001877836287894752 -0.00069209308392601096 0.0022220133023802195 0.00067168178502470261 0.00021107717516965103 -0.00083235404786786862 -0.00070483976857136255 -0.001080027400260611 0.00022332873550476507 -0.00097715879854714041 0.001646084343083203 0.00051884423941373826 -0.00029986329027451578
leaf_weight=27 24 30 21 22 27 20 25 23 32 20 20 31 31 21 20 43 22 30 30 20 29 28 21 38 31 225 29 20 20 90
leaf_count=27 24 30 21 22 27 20 25 23 32 20 20 31 31 21 20 43 22 30 30 20 29 28 21 38 31 225 29 20 20 90
internal_value=0 -9.84769e-05 -1.87028e-05 -0.000176152 -5.34181e-05 0.000275779 -0.000205625 -0.000276111 -6.78203e-05 -0.000494219 0.000722459 3.22555e-05 6.40688e-05 1.89727e-05 -0.000672627 7.24955e-05 2.43873e-05 -8.41039e-06 0.000414015 0.000940733 -8.35262e-05 -0.000869395 1.44962e-05 -0.000330417 5.45499e-05 1.1425e-05 9.95371e-05 0.00016771 -0.000366545 7.38453e-05
internal_weight=0 264 234 193 171 69 49 102 79 47 41 806 741 710 51 659 638 616 93 63 523 58 465 65 444 415 384 335 49 315
internal_count=1070 264 234 193 171 69 49 102 79 47 41 806 741 710 51 659 638 616 93 63 523 58 465 65 444 415 384 335 49 315
is_linear=0
shrinkage=0.1


Tree=95
num_leaves=31
num_cat=0
split_feature=2 1 2 2 2 0 2 2 2 3 1 2 2 2 3 2 2 0 2 2 2 2 2 2 2 2 3 2 2 0
split_gain=0.000481295 0.000988146 0.000937836 0.00057415 0.00097859 0.000581583 0.00197159 0.000905606 0.00314068 0.00272874 0.00397738 0.0024828 0.00232046 0.00142145 0.000862636 0.00106222 0.0022316 0.00244328 0.00223008 0.00137233 0.000668667 0.000833136 0.00137307 0.00151035 0.00320655 0.00135281 0.00129918 0.000741462 0.000734779 0.000995971
threshold=0.68112725316115152 1.0000000180025095e-35 0.64574926015603984 0.6130616088243207 0.58662900188323919 0.72826086956521752 0.54835889157923046 0.29412160344363736 0.23305084745762714 0.3000000000000001 1.0000000180025095e-35 0.46320957761635734 0.43738229755178903 0.40852838310465428 0.70000000000000018 0.55259617971482389 0.52044659671778326 0.48913043478260876 0.49650255582458974 0.4785445251546947 0.45534032822168408 0.43738229755178903 0.40772128060263657 0.38061608824320686 0.37146892655367236 0.3504842615012107 1.0000000180025095e-35 0.38976324993274147 0.33999192897497982 0.57608695652173936
decision_type=2 2 2 2 2 2 2 2 2 2 2 2 2 2 2 2 2 2 2 2 2 2 2 2 2 2 2 2 2 2
left_child=2 -2 3 4 5 14 7 8 -7 10 13 -12 -11 -9 15 16 18 -18 19 20 21 22 23 24 25 28 -24 -25 29 -1
right_child=1 -3 -4 -5 -6 6 -8 9 -10 12 11 -13 -14 -15 -16 -17 17 -19 -20 -21 -22 -23 26 27 -26 -27 -28 -29 -30 -31
leaf_value=-7.6095621133034054e-05 0.00084565407152695129 -8.1736296501562565e-05 -0.00066022491823373866 0.00040371467133381352 -0.00063189002964645627 -0.0003879564560650449 0.0010903978673741221 -0.00056062064514580099 0.0010731363826761804 -0.00012309179298387356 0.00063714393057269167 -0.00073936074390076097 0.0013308268550428607 -0.0017254554254759571 -0.00055776865863721946 -0.00054729633540975765 0.0015158963808789849 -4.7202249988913535e-05 -0.00089249581154757023 0.00071609898653920165 -0.00045031061229695163 0.00054212788430353003 -2.012272336287424e-05 0.00097715473634057818 -0.001281246147118509 0.00071408278644622238 -0.0011599367868984701 0.00022554083353108062 -0.00059295726717788384 0.00038019546141029046
leaf_weight=273 20 27 22 34 25 28 20 22 31 23 38 20 21 20 31 36 20 20 29 26 35 27 20 21 20 26 20 35 22 58
leaf_count=273 20 27 22 34 25 28 20 22 31 23 38 20 21 20 31 36 20 20 29 26 35 27 20 21 20 26 20 35 22 58
internal_value=0 0.000312898 -1.43756e-05 -1.81069e-07 -1.43822e-05 2.00605e-06 0.000143095 4.97645e-05 0.000379736 -8.54323e-05 -0.000374185 0.000162487 0.000570824 -0.0011153 -4.17531e-05 -1.85024e-05 1.06949e-05 0.000734347 -3.66027e-05 5.97178e-06 -2.7176e-05 1.1951e-06 -2.83103e-05 2.10716e-05 -4.71845e-05 1.79375e-05 -0.00059003 0.000507396 -3.33366e-05 3.85871e-06
internal_weight=0 47 1023 1001 967 942 223 203 59 144 100 58 44 42 719 688 652 40 612 583 557 522 495 455 399 379 40 56 353 331
internal_count=1070 47 1023 1001 967 942 223 203 59 144 100 58 44 42 719 688 652 40 612 583 557 522 495 455 399 379 40 56 353 331
is_linear=0
shrinkage=0.1


Tree=96
num_leaves=31
num_cat=0
split_feature=2 1 2 1 2 2 2 2 3 2 0 2 0 2 0 1 0 0 2 2 2 2 5 0 2 2 3 2 2 3
split_gain=0.000389849 0.000800398 0.000798871 0.00148244 0.000993298 0.000780883 0.00252696 0.00185461 0.00238118 0.00234341 0.000820717 0.00260882 0.00142014 0.00223128 0.00407977 0.00082664 0.000723678 0.00107795 0.000702983 0.00155743 0.000869574 0.00527669 0.00182595 0.00325305 0.00164575 0.000987476 0.00236496 0.00309459 0.00210136 0.00191231
threshold=0.68112725316115152 1.0000000180025095e-35 0.60182943233790709 1.0000000180025095e-35 0.58400591875168151 0.52347323110034982 0.50645682001614212 0.53658864675813833 0.3000000000000001 0.5575733118106001 0.054347826086956548 0.38391175679311274 0.141304347826087 0.38586225450632228 0.097826086956521799 1.0000000180025095e-35 0.90217391304347838 0.94565217391304357 0.4785445251546947 0.46199892386333063 0.37012375571697609 0.38976324993274147 1.0000000180025095e-35 0.77173913043478271 0.40852838310465428 0.19188861985472158 1.0000000180025095e-35 0.30589184826472965 0.16727199354317993 0.3000000000000001
decision_type=2 2 2 2 2 2 2 2 2 2 2 2 2 2 2 2 2 2 2 2 2 2 2 2 2 2 2 2 2 2
left_child=2 -2 4 -4 5 6 10 -7 9 -9 11 15 13 14 -12 -1 18 -18 19 20 25 -22 23 24 -23 28 27 -27 -14 -28
right_child=1 -3 3 -5 -6 7 -8 8 -10 -11 12 -13 16 -15 -16 -17 17 -19 -20 -21 21 22 -24 -25 -26 26 29 -29 -30 -31
leaf_value=0.00051012060762981753 0.0007610886511974969 -7.3562649992743031e-05 -0.00081923783749737072 0.00016076902092177549 0.00067370896312323489 -0.0010575547470184773 0.0010160295534878969 0.00096644251035676073 -0.00086831405969860502 -0.000339261024190044 -0.0009246843249208971 -0.00096967437171510294 -0.00012611286958086898 0.0013226975900276253 0.00089506809267082387 -0.0002020502144846549 0.00081836284068413081 -4.1386046712952001e-05 0.00036775501535693799 -0.00075389375051599934 0.0011689498441484877 -0.00026003917287611826 -0.00081883684251806701 -0.0010053809166752868 0.0008167655985744205 -0.001098062797788192 0.0003534814302882472 9.4522446064123275e-05 0.0010497753641435079 -0.00028879806817366484
leaf_weight=28 20 27 33 29 22 23 25 28 24 27 22 35 55 21 28 39 25 35 38 32 39 22 32 21 40 55 83 36 21 105
leaf_count=28 20 27 33 29 22 23 25 28 24 27 22 35 55 21 28 39 25 35 38 32 39 22 32 21 40 55 83 36 21 105
internal_value=0 0.000281608 -1.2938e-05 -0.000360848 9.50777e-06 -6.05392e-06 2.57806e-05 -0.000267284 -3.7205e-05 0.000325461 -4.70741e-06 -0.000269953 3.33983e-05 0.000457683 9.4377e-05 9.55734e-05 -1.37445e-05 0.000316843 -4.80022e-05 -7.72051e-05 -3.46628e-05 0.000163786 -0.000177096 7.03224e-05 0.000434674 -0.00012075 -0.000207797 -0.000626271 0.000198804 -5.2385e-06
internal_weight=0 47 1023 62 961 939 837 102 79 55 812 102 710 71 50 67 639 60 579 541 509 154 115 83 62 355 279 91 76 188
internal_count=1070 47 1023 62 961 939 837 102 79 55 812 102 710 71 50 67 639 60 579 541 509 154 115 83 62 355 279 91 76 188
is_linear=0
shrinkage=0.1


Tree=97
num_leaves=31
num_cat=0
split_feature=7 2 2 2 3 0 0 0 0 2 2 2 2 2 3 3 2 2 0 5 3 2 2 0 1 2 2 2 2 2
split_gain=0.00034868 0.00149095 0.00287752 0.00743847 0.00314853 0.000971072 0.000840454 0.0028902 0.00126726 0.000902959 0.0043759 0.00231081 0.0015128 0.00111514 0.0021329 0.00168505 0.00482708 0.0095976 0.00481601 0.00375341 0.0027721 0.00301641 0.00335148 0.00240693 0.00209375 0.00186057 0.00556529 0.0043855 0.00275029 0.00171587
threshold=1.0000000180025095e-35 0.16437987624428299 0.29149852031207962 0.31510626849609902 1.0000000180025095e-35 0.88043478260869579 0.92391304347826098 0.96739130434782616 0.88043478260869579 0.58400591875168151 0.61770244821092279 0.56214689265536733 0.68112725316115152 0.52044659671778326 1.0000000180025095e-35 1.0000000180025095e-35 0.19592413236481029 0.37563895614743076 0.57608695652173936 1.0000000180025095e-35 0.3000000000000001 0.36400322841000804 0.25477535647027172 0.076086956521739177 1.0000000180025095e-35 0.31113801452784501 0.37146892655367236 0.42635189669087969 0.17507398439601832 0.46199892386333063
decision_type=2 2 2 2 2 2 2 2 2 2 2 2 2 2 2 2 2 2 2 2 2 2 2 2 2 2 2 2 2 2
left_child=6 -2 4 -4 -3 -5 8 -8 9 11 -11 13 -12 15 -15 16 -1 19 23 -18 21 22 -17 -19 -24 28 -27 -28 -22 -29
right_child=1 2 3 5 -6 -7 7 -9 -10 10 12 -13 -14 14 -16 20 17 18 -20 -21 25 -23 24 -25 -26 26 27 29 -30 -31
leaf_value=0.0012625646269750887 0.000730316145636607 -0.0017860830366511699 0.0017720812133380345 -0.00030563200922582037 -7.4228263110853737e-05 0.00039011004644081646 0.0010995644680625791 -0.00033816582613831593 -0.0006433761146738483 0.0016316628782078624 -0.00052391869933618343 -0.00097382941845959668 0.00040622321668908832 -0.00018097054448646858 0.0011809012369232497 -0.00094053256048467918 -0.00024526472486339866 0.00088765548878452858 0.0018002770522919796 -0.0015586241114306178 0.00055343287807271076 -0.0010421940056936552 -0.00034157139719657916 -0.00044760143996595787 0.00090253566543857056 0.0014535491845118955 -0.0010955275344063662 0.0011577121469946135 -0.00063263543629242731 -5.7619075792340135e-05
leaf_weight=36 20 21 21 157 22 23 29 27 29 20 34 24 36 23 23 31 68 27 30 32 29 58 24 27 31 33 28 21 60 26
leaf_count=36 20 21 21 157 22 23 29 27 29 20 34 24 36 23 23 31 68 27 30 32 29 58 24 27 31 33 28 21 60 26
internal_value=0 -9.97441e-05 -0.000167782 -8.94522e-06 -0.00091025 -0.000216732 3.26705e-05 0.000406373 4.76739e-06 3.0837e-05 0.000327156 -1.14273e-05 -4.556e-05 2.66249e-05 0.000499965 -1.21874e-05 0.000203582 -3.60979e-06 0.000784402 -0.00066554 -0.000151394 -0.000484881 -0.000109019 0.000220027 0.000359653 9.23738e-05 0.000371354 -0.000104812 -0.000246164 0.000485401
internal_weight=0 264 244 201 43 180 806 56 750 721 90 631 70 607 46 561 220 184 84 100 341 144 86 54 55 197 108 75 89 47
internal_count=1070 264 244 201 43 180 806 56 750 721 90 631 70 607 46 561 220 184 84 100 341 144 86 54 55 197 108 75 89 47
is_linear=0
shrinkage=0.1


Tree=98
num_leaves=31
num_cat=0
split_feature=3 0 2 2 0 2 2 2 0 2 2 1 2 2 0 2 5 0 0 4 0 0 2 2 2 2 2 0 0 6
split_gain=0.000301254 0.000794494 0.00272317 0.0023666 0.000807682 0.000473788 0.000459139 0.00130355 0.00150443 0.00231538 0.00175954 0.000551711 0.00578478 0.00359778 0.00141726 0.00671091 0.0024426 0.0042479 0.00747156 0.00322978 0.00315959 0.00430528 0.00683273 0.00264626 0.00179377 0.00139339 0.00611702 0.00582879 0.00260512 0.00236171
threshold=0.70000000000000018 0.90217391304347838 0.45534032822168408 0.56214689265536733 0.88043478260869579 0.32687651331719131 0.68112725316115152 0.62967446865751953 0.815217391304348 0.41680118375033631 0.57869249394673128 1.0000000180025095e-35 0.53874092009685237 0.54156577885391444 0.076086956521739177 0.37563895614743076 1.0000000180025095e-35 0.31521739130434789 0.59782608695652184 1.0000000180025095e-35 0.61956521739130443 0.31521739130434789 0.31510626849609902 0.32492601560398171 0.31941081517352704 0.19188861985472158 0.23856604788808181 0.35869565217391308 0.032608695652173954 1.0000000180025095e-35
decision_type=2 2 2 2 2 2 2 2 2 2 2 2 2 2 2 2 2 2 2 2 2 2 2 2 2 2 2 2 2 2
left_child=1 4 5 -4 6 -3 7 8 10 -10 11 12 14 25 15 -1 19 -18 -19 20 21 22 -16 -22 -23 27 -27 -13 -28 -30
right_child=-2 2 3 -5 -6 -7 -8 -9 9 -11 -12 13 -14 -15 16 -17 17 18 -20 -21 23 24 -24 -25 -26 26 28 -29 29 -31
leaf_value=-0.0005075082594218353 0.00028036502064079856 0.00058730283650220382 -0.001672681885538623 -0.00015272993221601827 0.00064560284488834451 -4.9959848443644918e-05 0.0003263094576097848 -0.00061924334526445505 9.6372095867991447e-05 -0.0012577349340300199 0.0007498014649814543 0.0014132693359473099 -0.0015114067149205278 0.0012109478961469401 0.0020236074805522904 0.0017108997184550391 -0.001678667581607284 0.0011301116668619216 -0.0013441924177839057 -0.00070876740352011837 0.0017963439014486292 -0.00099326336117241325 -0.0002360338556172792 0.00030616391405391581 -5.3238786858855751e-06 -0.0013324078369324152 -0.00076067018089815981 -0.00067756516752221321 3.8592747232775227e-05 0.00079707082477398217
leaf_weight=30 37 20 20 21 20 28 42 34 28 23 34 30 26 27 23 25 23 26 23 39 22 34 32 26 40 34 32 24 195 52
leaf_count=30 37 20 20 21 20 28 42 34 28 23 34 30 26 27 23 25 23 26 23 39 22 34 32 26 40 34 32 24 195 52
internal_value=0 -1.00421e-05 -0.000295661 -0.00089417 1.68859e-05 0.000215566 3.2773e-06 -1.21052e-05 1.22376e-05 -0.000514304 4.5931e-05 1.45658e-05 -7.33017e-05 9.6858e-05 3.57092e-05 0.000500859 -5.31215e-05 -0.00055754 -3.12964e-05 0.000115018 0.00029653 3.8806e-05 0.000708907 0.000989163 -0.000459242 1.4895e-05 -6.60385e-05 0.00048401 8.82861e-05 0.000198272
internal_weight=0 1033 89 41 944 48 924 882 848 51 797 763 369 394 343 55 288 72 49 216 177 129 55 48 74 367 313 54 279 247
internal_count=1070 1033 89 41 944 48 924 882 848 51 797 763 369 394 343 55 288 72 49 216 177 129 55 48 74 367 313 54 279 247
is_linear=0
shrinkage=0.1


Tree=99
num_leaves=31
num_cat=0
split_feature=7 2 2 2 3 0 2 2 0 3 2 5 2 2 2 6 2 2 0 2 0 2 2 2 2 2 0 2 0 0
split_gain=0.000315841 0.00108957 0.00250075 0.00595598 0.0025365 0.000877384 0.000825198 0.00225765 0.00178888 0.00311271 0.00307105 0.00407588 0.00278547 0.0016183 0.00448395 0.00268819 0.00336247 0.00484773 0.00306642 0.00722253 0.00261123 0.00561281 0.0018052 0.00179514 0.00441294 0.00537713 0.003678 0.00205402 0.00291357 0.00170634
threshold=1.0000000180025095e-35 0.16437987624428299 0.29149852031207962 0.31510626849609902 1.0000000180025095e-35 0.88043478260869579 0.16727199354317993 0.19592413236481029 0.92391304347826098 1.0000000180025095e-35 0.23856604788808181 1.0000000180025095e-35 0.25874361043852573 0.30434490180252893 0.28241861716437988 1.0000000180025095e-35 0.58400591875168151 0.49858757062146897 0.25000000000000011 0.42359429647565244 0.51086956521739146 0.38061608824320686 0.38061608824320686 0.38586225450632228 0.43166532149582992 0.48130212536992201 0.097826086956521799 0.69646220069948894 0.46739130434782616 0.51086956521739146
decision_type=2 2 2 2 2 2 2 2 2 2 2 2 2 2 2 2 2 2 2 2 2 2 2 2 2 2 2 2 2 2
left_child=6 -2 4 -4 -3 -5 -1 -8 10 -10 11 -9 -12 14 -14 16 17 18 19 22 -20 -22 -15 -17 -25 -26 -27 28 -28 -19
right_child=1 2 3 5 -6 -7 7 8 9 -11 12 -13 13 15 -16 23 -18 29 20 -21 21 -23 -24 24 25 26 27 -29 -30 -31
leaf_value=-0.00031054235729523221 0.00061465418839361523 -0.0016313617893805106 0.0015886746213904452 -0.000275454881571283 -9.4868761780989269e-05 0.00038587361455226884 0.00089640958580158414 -2.6036290492972029e-05 -2.2426149553211874e-05 0.0015678816656873097 0.0010026161888100464 -0.0017496700170854835 0.00026264003142440585 0.00071652927735288234 -0.001481896598572628 -0.00079688172282171865 0.001310386752393916 -0.0013242027973756195 -0.00047649430106738933 0.002490561332087964 0.0014239486765719074 -0.00017947200304049938 -0.00045624017671105411 0.0012827980420773938 -0.0014857976881793205 0.0011689973008090064 0.00021390261676823422 0.00059801052028143952 -0.0010849156225912081 -0.00017767917546465201
leaf_weight=65 20 21 21 157 22 23 31 34 32 20 29 23 34 35 26 43 27 25 54 20 34 61 21 21 29 23 31 22 39 27
leaf_count=65 20 21 21 157 22 23 31 34 32 20 29 23 34 35 26 43 27 25 54 20 34 61 21 21 29 23 31 22 39 27
internal_value=0 -9.4931e-05 -0.000153094 -5.02068e-06 -0.000845249 -0.000190952 3.1094e-05 6.10621e-05 2.45892e-05 0.000589231 -2.00329e-05 -0.000721538 4.64991e-05 -1.97532e-06 -0.000493326 5.56048e-05 0.00024514 0.000141307 0.00034242 0.000859325 7.87636e-05 0.000394384 0.000276741 -0.000221408 -7.1436e-05 -0.000268928 3.79343e-05 -0.000244831 -0.000509725 -0.000728892
internal_weight=0 264 244 201 43 180 806 741 710 52 658 57 601 572 60 512 304 277 225 76 149 95 56 208 165 144 115 92 70 52
internal_count=1070 264 244 201 43 180 806 741 710 52 658 57 601 572 60 512 304 277 225 76 149 95 56 208 165 144 115 92 70 52
is_linear=0
shrinkage=0.1


end of trees

feature_importances:
bmi=1428
age=894
children=251
sex=149
region_southeast=82
region_southwest=72
region_northwest=66
smoker=58

parameters:
[boosting: gbdt]
[objective: regression]
[metric: l2]
[tree_learner: serial]
[device_type: cpu]
[data_sample_strategy: bagging]
[data: ]
[valid: ]
[num_iterations: 100]
[learning_rate: 0.1]
[num_leaves: 31]
[num_threads: 1]
[seed: 42]
[deterministic: 0]
[force_col_wise: 0]
[force_row_wise: 0]
[histogram_pool_size: -1]
[max_depth: -1]
[min_data_in_leaf: 20]
[min_sum_hessian_in_leaf: 0.001]
[bagging_fraction: 1]
[pos_bagging_fraction: 1]
[neg_bagging_fraction: 1]
[bagging_freq: 0]
[bagging_seed: 400]
[feature_fraction: 1]
[feature_fraction_bynode: 1]
[feature_fraction_seed: 30056]
[extra_trees: 0]
[extra_seed: 12879]
[early_stopping_round: 0]
[early_stopping_min_delta: 0]
[first_metric_only: 0]
[max_delta_step: 0]
[lambda_l1: 0]
[lambda_l2: 0]
[linear_lambda: 0]
[min_gain_to_split: 0]
[drop_rate: 0.1]
[max_drop: 50]
[skip_drop: 0.5]
[xgboost_dart_mode: 0]
[uniform_drop: 0]
[drop_seed: 17869]
[top_rate: 0.2]
[other_rate: 0.1]
[min_data_per_group: 100]
[max_cat_threshold: 32]
[cat_l2: 10]
[cat_smooth: 10]
[max_cat_to_onehot: 4]
[top_k: 20]
[monotone_constraints: ]
[monotone_constraints_method: basic]
[monotone_penalty: 0]
[feature_contri: ]
[forcedsplits_filename: ]
[refit_decay_rate: 0.9]
[cegb_tradeoff: 1]
[cegb_penalty_split: 0]
[cegb_penalty_feature_lazy: ]
[cegb_penalty_feature_coupled: ]
[path_smooth: 0]
[interaction_constraints: ]
[verbosity: 1]
[saved_feature_importance_type: 0]
[use_quantized_grad: 0]
[num_grad_quant_bins: 4]
[quant_train_renew_leaf: 0]
[stochastic_rounding: 1]
[linear_tree: 0]
[max_bin: 255]
[max_bin_by_feature: ]
[min_data_in_bin: 3]
[bin_construct_sample_cnt: 200000]
[data_random_seed: 175]
[is_enable_sparse: 1]
[enable_bundle: 1]
[use_missing: 1]
[zero_as_missing: 0]
[feature_pre_filter: 1]
[pre_partition: 0]
[two_round: 0]
[header: 0]
[label_column: ]
[weight_column: ]
[group_column: ]
[ignore_column: ]
[categorical_feature: ]
[forcedbins_filename: ]
[precise_float_parser: 0]
[parser_config_file: ]
[objective_seed: 16083]
[num_class: 1]
[is_unbalance: 0]
[scale_pos_weight: 1]
[sigmoid: 1]
[boost_from_average: 1]
[reg_sqrt: 0]
[alpha: 0.9]
[fair_c: 1]
[poisson_max_delta_step: 0.7]
[tweedie_variance_power: 1.5]
[lambdarank_truncation_level: 30]
[lambdarank_norm: 1]
[label_gain: ]
[lambdarank_position_bias_regularization: 0]
[eval_at: ]
[multi_error_top_k: 1]
[auc_mu_weights: ]
[num_machines: 1]
[local_listen_port: 12400]
[time_out: 120]
[machine_list_filename: ]
[machines: ]
[gpu_platform_id: -1]
[gpu_device_id: -1]
[gpu_use_dp: 0]
[num_gpu: 1]

end of parameters

pandas_categorical:[]
